dataset,file,gender,ethnicity,leax,leay,lebx,leby,lecx,lecy,ledx,ledy,leex,leey,lefx,lefy,legx,legy,lehx,lehy,reax,reay,rebx,reby,recx,recy,redx,redy,reex,reey,refx,refy,regx,regy,rehx,rehy
Cohn Kanade,S005_001_00000001.png,female,white,341,204,327,193,311,190,295,195,282,205,295,210,311,211,327,208,404,203,416,191,433,186,449,188,463,197,450,203,435,207,418,206
Cohn Kanade,S010_006_00000001.png,female,white,338,229,327,218,314,215,300,219,289,228,300,231,313,233,326,231,408,227,418,215,432,210,447,212,460,220,449,225,435,229,421,228
Cohn Kanade,S011_001_00000001.png,female,white,357,228,345,218,331,214,317,219,305,229,317,232,331,234,345,231,421,224,431,213,445,208,460,210,473,217,461,223,448,227,434,226
Cohn Kanade,S014_004_00000001.png,female,white,332,239,322,229,308,226,294,231,283,241,295,244,308,244,321,242,400,237,410,226,423,222,438,225,450,233,438,237,425,240,412,239
Cohn Kanade,S022_001_00000001.png,female,black,321,202,312,196,302,195,291,197,283,203,292,206,302,207,312,205,367,200,375,193,386,190,397,191,407,195,398,200,388,203,377,202
Cohn Kanade,S026_003_00000001.png,female,white,309,211,300,204,289,202,279,204,270,210,279,214,289,215,299,213,356,209,364,201,376,197,387,199,396,204,388,209,377,212,366,211
Cohn Kanade,S028_001_00000001.png,female,white,327,245,319,240,309,238,299,240,290,244,299,247,309,248,318,247,382,247,389,240,398,236,408,238,417,243,409,246,400,248,391,248
Cohn Kanade,S029_001_00000001.png,female,white,293,206,285,203,275,203,265,204,256,207,265,209,275,209,284,208,351,204,359,200,369,199,379,199,389,201,380,204,370,206,360,205
Cohn Kanade,S032_001_00000001.png,female,white,316,219,308,215,300,214,291,216,283,220,291,222,300,223,308,221,364,221,371,215,381,213,391,215,399,221,391,223,381,224,372,223
Cohn Kanade,S034_001_00000001.png,male,asian,269,231,261,226,252,225,242,228,234,235,243,235,252,235,261,233,323,230,330,224,339,222,349,224,358,228,349,230,340,231,331,231
Cohn Kanade,S035_002_00000001.png,male,white,284,217,276,212,266,210,256,212,247,216,256,219,266,220,275,219,331,218,339,211,349,209,359,211,367,216,359,220,349,221,340,220
Cohn Kanade,S037_001_00000001.png,male,white,329,203,320,198,309,197,299,200,289,205,299,207,310,208,320,206,374,206,383,201,393,199,404,202,414,207,404,209,393,210,383,209
Cohn Kanade,S042_001_00000001.png,male,asian,315,235,307,228,297,226,286,227,277,232,286,236,295,238,306,237,361,237,368,230,377,228,387,230,394,235,386,238,378,240,369,239
Cohn Kanade,S044_001_00000001.png,male,white,326,223,319,218,311,216,301,218,292,222,301,224,310,225,318,224,368,227,376,221,385,219,395,222,402,228,394,230,385,231,376,229
Cohn Kanade,S045_005_00000001.png,male,white,266,243,257,237,247,235,236,238,228,244,237,247,247,248,257,246,314,242,321,235,331,232,342,233,353,238,343,241,333,243,323,243
Cohn Kanade,S046_001_00000001.png,female,white,282,216,274,210,264,208,254,211,246,217,255,220,264,221,273,219,335,214,342,206,352,202,363,203,372,208,364,212,354,215,344,215
Cohn Kanade,S050_001_00000001.png,male,white,388,208,379,200,369,198,358,201,349,208,358,211,368,212,379,210,432,207,440,200,450,197,461,199,470,205,461,208,451,210,441,209
Cohn Kanade,S051_001_00000001.png,female,black,244,238,234,228,220,225,206,228,195,236,206,240,220,242,233,240,309,237,316,225,329,219,343,220,354,227,344,233,332,237,320,238
Cohn Kanade,S052_002_00000001.png,female,white,296,221,286,211,273,207,260,210,249,218,260,223,272,225,284,223,349,224,360,214,373,212,387,216,397,224,386,228,373,229,361,227
Cohn Kanade,S053_001_00000001.png,male,white,287,217,275,209,260,207,246,211,233,218,246,222,260,223,274,221,360,219,372,211,385,208,400,209,414,213,401,218,387,221,373,220
Cohn Kanade,S054_004_00000001.png,male,white,300,240,289,233,277,231,264,233,251,239,263,242,276,244,289,242,365,242,375,235,387,233,400,235,412,241,401,244,388,246,376,244
Cohn Kanade,S055_001_00000001.png,female,white,336,235,326,226,313,223,299,226,287,234,299,237,312,238,324,237,389,237,398,228,410,226,423,229,433,237,422,240,410,241,399,239
Cohn Kanade,S056_001_00000001.png,male,white,274,230,265,220,252,217,239,220,228,227,239,231,251,233,263,232,326,231,335,222,347,219,359,220,370,225,360,230,349,232,337,232
Cohn Kanade,S057_001_00000001.png,female,white,300,216,292,206,281,202,269,205,260,213,269,217,280,219,291,218,362,212,369,202,381,197,393,198,404,203,395,208,384,212,372,213
Cohn Kanade,S057_002_00000001.png,female,white,298,217,290,208,278,205,267,208,258,215,267,219,278,220,289,219,363,212,370,203,380,198,392,199,404,204,394,209,384,212,373,213
Cohn Kanade,S058_002_00000001.png,male,white,298,203,287,194,274,191,261,193,249,201,261,205,273,207,286,205,357,203,367,193,380,190,393,192,406,198,394,203,382,205,369,204
Cohn Kanade,S059_003_00000001.png,male,white,339,223,330,215,319,211,307,212,297,217,306,222,317,225,328,225,402,225,412,217,424,215,436,218,446,224,436,228,424,229,413,228
Cohn Kanade,S060_005_00000001.png,female,white,308,254,298,242,284,238,271,241,259,250,270,254,283,257,296,256,366,254,375,244,389,240,402,242,412,250,402,255,390,258,377,257
Cohn Kanade,S061_001_00000001.png,male,white,309,239,300,229,287,225,274,227,263,234,273,238,285,241,298,241,365,244,376,236,390,234,403,238,415,246,403,249,389,250,376,247
Cohn Kanade,S062_004_00000001.png,male,white,254,234,242,224,228,222,215,228,205,239,217,242,230,241,243,238,323,225,331,213,343,207,358,208,371,215,360,221,347,225,335,225
Cohn Kanade,S063_001_00000001.png,male,white,267,215,255,205,241,204,228,209,217,220,229,222,243,222,256,219,323,207,333,198,346,194,361,197,374,205,362,208,348,210,335,209
Cohn Kanade,S064_003_00000001.png,male,white,267,190,257,183,246,181,234,184,224,190,234,193,246,194,257,192,321,192,330,183,342,180,354,183,365,190,355,194,343,196,331,194
Cohn Kanade,S065_003_00000001.png,female,white,270,210,260,201,248,198,236,201,227,208,236,212,248,214,259,212,322,211,331,204,342,201,354,204,363,210,354,213,343,214,332,213
Cohn Kanade,S066_003_00000001.png,female,white,313,218,304,207,291,204,279,207,268,216,279,219,290,221,302,220,373,218,383,207,396,203,409,205,420,212,410,218,398,220,385,220
Cohn Kanade,S067_001_00000001.png,female,white,300,233,289,222,275,219,262,223,252,232,262,237,275,239,288,237,356,233,366,221,380,216,395,219,406,227,395,233,382,236,368,235
Cohn Kanade,S068_001_00000001.png,female,white,240,235,230,229,217,227,205,229,195,234,205,238,217,240,229,238,293,237,303,230,315,228,327,231,337,237,327,241,315,242,304,240
Cohn Kanade,S069_001_00000001.png,female,black,280,242,270,235,257,234,244,238,233,245,245,247,257,248,269,245,342,238,350,231,363,228,376,229,387,235,376,238,364,240,352,240
Cohn Kanade,S070_001_00000001.png,female,black,309,214,299,206,287,204,275,207,265,214,275,218,287,219,299,217,365,218,374,207,386,203,398,207,408,216,398,219,387,221,375,220
Cohn Kanade,S071_001_00000001.png,female,white,316,184,307,174,294,170,282,172,271,178,281,183,293,186,305,185,374,186,383,179,395,177,407,179,417,185,407,189,396,191,384,189
Cohn Kanade,S072_003_00000001.png,female,white,312,237,303,226,291,222,278,226,269,235,279,239,290,240,302,239,369,238,378,228,390,225,402,228,413,236,402,239,391,240,379,239
Cohn Kanade,S073_002_00000001.png,male,white,272,212,262,203,249,201,236,204,225,211,236,215,248,216,261,214,332,211,342,203,354,200,367,203,377,210,367,213,355,215,343,214
Cohn Kanade,S074_002_00000001.png,female,white,275,237,265,228,252,226,239,228,228,235,238,239,251,241,264,239,325,239,335,229,348,226,362,229,373,236,362,241,349,243,336,242
Cohn Kanade,S075_001_00000001.png,male,white,275,223,263,211,248,206,232,210,218,220,231,224,246,227,261,225,331,224,342,215,356,213,369,217,380,226,368,229,355,230,342,227
Cohn Kanade,S076_001_00000001.png,female,white,280,225,270,215,257,211,244,215,233,223,243,227,256,229,269,228,341,225,351,216,363,213,375,215,385,222,376,227,364,229,352,228
Cohn Kanade,S077_001_00000001.png,female,white,285,172,276,163,265,160,253,163,243,170,253,174,264,176,275,174,341,171,350,162,362,158,374,160,384,167,375,172,363,174,352,173
Cohn Kanade,S078_001_00000001.png,female,white,286,212,277,203,265,199,253,203,243,211,253,214,264,216,276,214,337,212,345,202,357,199,369,201,380,209,370,212,359,214,347,213
Cohn Kanade,S079_004_00000001.png,female,white,244,224,235,214,223,211,212,214,202,221,211,225,222,227,234,226,310,223,320,212,332,208,346,211,358,220,347,223,334,225,322,224
Cohn Kanade,S080_003_00000001.png,female,white,285,192,275,185,262,184,250,188,240,196,251,198,263,198,275,196,339,190,348,180,360,177,373,179,384,187,374,190,362,192,350,191
Cohn Kanade,S081_003_00000001.png,male,white,298,186,288,176,276,172,262,175,251,182,262,186,274,188,287,187,355,189,365,179,378,176,391,180,401,188,390,191,378,193,366,191
Cohn Kanade,S082_002_00000001.png,male,white,286,200,276,191,264,188,251,192,240,201,251,204,264,205,276,203,342,197,351,186,363,182,376,185,387,193,376,197,365,199,353,198
Cohn Kanade,S083_004_00000001.png,male,asian,257,215,248,207,237,204,224,206,213,210,224,214,235,216,247,216,322,220,331,213,343,209,357,210,369,214,358,219,345,222,333,222
Cohn Kanade,S084_001_00000001.png,male,white,281,174,272,167,260,164,247,167,237,174,248,177,259,178,271,177,335,176,345,167,357,164,369,166,379,172,369,177,358,179,346,178
Cohn Kanade,S085_001_00000001.png,female,white,272,177,263,168,252,164,239,167,229,174,239,178,250,180,262,179,329,181,338,171,350,167,362,169,372,177,363,181,352,184,340,183
Cohn Kanade,S086_001_00000001.png,male,white,240,174,230,164,219,161,206,164,196,172,206,175,218,177,229,176,295,173,304,164,316,161,328,164,338,172,328,176,316,177,305,175
Cohn Kanade,S087_001_00000001.png,female,white,266,160,257,153,246,151,235,153,225,158,234,162,245,164,256,162,328,160,337,152,347,150,359,152,369,158,359,161,349,163,338,162
Cohn Kanade,S088_001_00000001.png,male,white,249,216,238,208,225,206,211,209,200,216,211,220,224,221,237,219,306,214,315,204,327,200,340,201,352,207,342,212,329,215,317,215
Cohn Kanade,S089_003_00000001.png,male,white,247,192,236,185,224,184,212,187,202,194,213,197,225,198,236,195,303,190,313,182,326,179,339,181,350,186,339,191,327,193,315,192
Cohn Kanade,S090_002_00000001.png,female,black,272,147,262,137,250,133,237,137,228,145,237,149,249,151,261,149,335,145,344,134,357,130,370,134,381,142,370,146,358,148,346,147
Cohn Kanade,S091_001_00000001.png,male,white,235,166,225,158,212,155,198,159,187,167,199,170,212,171,224,169,296,167,307,157,320,154,334,158,345,167,334,170,321,171,308,169
Cohn Kanade,S092_001_00000001.png,male,white,262,214,252,206,240,204,227,208,217,216,228,219,240,219,252,217,320,211,328,202,340,199,351,202,362,208,352,212,341,214,330,213
Cohn Kanade,S093_001_00000001.png,male,white,273,150,262,142,249,140,236,144,224,151,235,154,249,155,261,153,326,151,335,143,347,141,360,143,371,150,360,153,348,154,337,153
Cohn Kanade,S094_001_00000001.png,female,white,279,167,270,158,258,154,246,157,236,164,245,168,257,171,269,169,333,168,343,159,355,157,367,160,377,167,367,171,355,172,344,171
Cohn Kanade,S095_001_00000001.png,female,white,290,179,281,171,269,168,257,171,247,177,257,181,269,182,280,181,351,184,361,177,373,176,385,180,394,188,383,191,372,191,361,188
Cohn Kanade,S096_001_00000001.png,male,white,280,198,269,190,256,188,244,193,234,203,245,204,257,204,269,201,341,193,350,183,362,179,375,181,386,188,376,192,364,194,352,194
Cohn Kanade,S097_002_00000001.png,male,white,280,166,269,158,256,155,243,158,231,163,242,168,255,170,268,169,335,167,345,159,358,156,370,159,380,166,370,170,358,172,346,170
Cohn Kanade,S098_001_00000001.png,female,white,243,183,233,172,220,168,205,170,193,178,204,183,218,185,231,185,300,184,309,175,322,171,336,174,346,181,336,186,323,188,311,187
Cohn Kanade,S099_001_00000001.png,male,white,269,188,258,181,246,178,234,181,223,186,234,191,246,192,258,191,327,186,336,178,347,175,359,177,370,181,360,186,349,188,337,187
Cohn Kanade,S100_001_00000001.png,male,white,274,179,264,170,250,166,237,169,225,175,236,180,249,182,262,181,335,183,346,174,360,171,374,175,385,184,373,187,360,188,346,186
Cohn Kanade,S101_001_00000001.png,male,white,291,186,282,175,270,170,258,173,248,181,257,186,268,189,280,188,347,187,355,176,366,172,378,174,388,182,379,187,369,189,357,189
Cohn Kanade,S102_001_00000001.png,male,white,288,158,280,151,269,149,258,152,249,159,258,162,269,162,279,161,341,159,350,152,362,150,374,154,384,161,373,163,362,164,351,162
Cohn Kanade,S103_008_00000001.png,female,black,278,197,269,188,258,185,246,188,237,195,246,199,257,200,268,199,336,194,345,185,356,182,369,184,378,191,369,195,357,197,346,196
Cohn Kanade,S104_002_00000001.png,female,black,258,232,249,220,236,216,224,220,215,230,224,234,236,236,248,234,319,232,327,219,340,214,354,218,364,228,354,232,342,234,330,234
Cohn Kanade,S105_001_00000001.png,male,black,269,167,259,159,246,157,234,161,225,169,235,172,247,173,259,170,323,169,332,158,345,155,358,158,367,166,358,170,346,173,334,171
Cohn Kanade,S106_002_00000001.png,female,white,272,189,262,178,249,174,236,177,226,185,235,190,248,193,261,192,336,189,344,179,357,175,370,177,381,184,371,189,359,192,347,191
Cohn Kanade,S107_002_00000001.png,male,white,277,228,266,221,254,219,240,222,229,229,241,232,253,233,266,231,333,229,342,221,355,218,367,221,378,227,368,231,355,233,344,232
Cohn Kanade,S108_002_00000001.png,female,white,309,204,299,196,287,194,276,197,267,203,276,207,287,208,299,206,360,206,369,196,380,192,393,195,402,202,393,207,382,209,370,208
Cohn Kanade,S109_001_00000001.png,female,white,267,181,258,173,246,171,235,173,225,180,235,184,246,185,257,183,320,182,329,172,341,169,352,171,362,178,353,182,342,184,330,183
Cohn Kanade,S110_001_00000001.png,female,white,295,204,286,196,274,193,261,196,250,202,261,205,273,207,284,206,349,203,358,193,370,190,382,192,391,200,382,204,371,207,359,205
Cohn Kanade,S111_001_00000001.png,male,white,281,188,270,179,257,177,244,182,234,191,245,194,258,195,270,192,330,185,339,176,352,173,365,175,376,182,365,187,353,189,341,187
Cohn Kanade,S112_003_00000001.png,female,white,321,186,310,176,296,172,282,177,271,187,283,190,296,191,309,189,376,183,385,172,398,168,412,172,423,180,412,185,400,187,387,185
Cohn Kanade,S113_001_00000001.png,male,white,275,190,264,181,251,178,237,181,224,188,237,192,250,193,263,192,334,187,343,179,356,176,370,178,383,185,370,187,357,189,345,188
Cohn Kanade,S114_003_00000001.png,female,white,269,213,259,204,246,201,234,204,224,212,234,216,246,217,258,216,327,212,336,201,349,197,362,201,372,209,362,213,350,215,338,214
Cohn Kanade,S115_001_00000001.png,female,white,279,198,269,188,256,185,243,189,234,198,244,202,256,204,268,201,338,195,346,185,359,181,372,183,383,190,372,194,360,197,348,196
Cohn Kanade,S116_001_00000001.png,male,white,260,197,251,189,240,186,227,189,217,196,227,199,239,201,250,199,314,197,323,188,335,184,348,187,359,195,348,198,336,200,325,199
Cohn Kanade,S117_004_00000001.png,female,white,288,174,278,164,265,161,253,164,244,172,253,176,265,178,277,177,337,173,346,162,359,158,372,161,383,170,372,174,360,176,348,175
Cohn Kanade,S118_003_00000001.png,male,white,265,184,256,175,243,172,231,176,220,184,231,187,243,188,255,186,325,183,335,175,346,172,359,175,369,183,359,186,347,187,336,185
Cohn Kanade,S119_002_00000001.png,male,white,275,199,265,193,254,192,243,196,234,203,244,205,255,205,265,202,332,195,340,187,351,184,363,187,373,193,363,196,352,198,341,197
Cohn Kanade,S120_002_00000001.png,male,white,285,186,274,179,262,178,250,182,241,190,251,192,263,192,274,190,344,182,354,173,366,170,379,173,391,180,380,184,367,186,355,184
Cohn Kanade,S121_001_00000001.png,female,black,251,228,241,220,228,217,216,219,205,226,215,230,228,232,240,231,317,228,325,217,338,212,352,213,364,219,353,224,341,228,328,229
Cohn Kanade,S122_001_00000001.png,female,white,238,205,228,197,216,194,203,197,192,202,203,206,215,208,227,207,304,208,313,200,324,197,336,200,346,206,336,210,325,211,314,210
Cohn Kanade,S124_001_00000001.png,female,white,235,201,226,194,214,193,204,197,196,205,205,207,216,207,226,205,282,197,289,188,300,184,311,185,321,191,312,195,302,198,291,198
Cohn Kanade,S125_001_00000001.png,female,black,309,208,299,201,287,199,275,201,265,206,275,210,287,212,298,210,361,210,371,203,383,201,395,204,405,211,394,214,383,215,371,213
Cohn Kanade,S126_001_00000001.png,male,white,252,204,242,195,230,192,218,194,207,201,217,205,229,208,241,206,311,203,320,193,332,190,345,192,356,199,346,203,334,206,322,205
Cohn Kanade,S127_001_00000001.png,male,white,285,233,275,226,263,224,252,228,243,236,253,238,264,238,275,236,338,229,347,220,359,217,371,220,382,226,372,230,360,232,349,231
Cohn Kanade,S128_001_00000001.png,female,asian,244,231,235,224,223,222,212,224,204,230,213,234,223,236,234,234,294,231,302,222,314,218,326,219,336,224,327,230,316,233,305,233
Cohn Kanade,S129_001_00000001.png,female,white,263,227,254,220,242,218,230,220,220,225,230,229,242,231,253,229,317,228,326,219,339,216,351,219,361,225,351,229,340,231,328,230
Cohn Kanade,S130_001_00000001.png,male,white,255,226,246,217,234,214,222,216,211,222,221,226,232,229,244,228,313,230,323,221,336,218,350,221,361,229,350,233,337,235,324,233
Cohn Kanade,S131_001_00000001.png,male,white,293,192,283,184,271,182,259,186,250,194,260,196,272,197,283,195,351,189,359,180,370,176,382,179,393,186,383,189,372,191,361,190
Cohn Kanade,S132_002_00000001.png,male,white,289,201,280,194,269,192,257,195,248,201,258,205,269,206,280,204,332,200,341,193,352,191,362,194,372,199,363,202,352,204,342,202
Cohn Kanade,S133_001_00000001.png,male,black,285,218,276,208,263,205,251,209,242,218,252,222,263,223,275,221,343,215,350,206,361,203,372,206,381,213,372,217,362,218,352,217
Cohn Kanade,S134_001_00000001.png,male,white,274,197,265,190,255,188,244,189,235,194,244,198,254,200,265,199,327,200,336,191,349,188,361,191,372,198,362,202,350,204,338,202
Cohn Kanade,S135_001_00000001.png,male,white,259,216,251,208,240,204,228,206,218,213,228,216,238,218,249,218,313,217,321,209,332,206,343,208,354,214,344,217,333,219,323,218
Cohn Kanade,S136_001_00000001.png,female,white,303,186,294,175,280,171,266,173,256,181,266,186,279,189,292,188,351,187,361,176,374,173,386,178,395,187,385,191,374,192,362,190
Cohn Kanade,S137_001_00000001.png,male,black,270,215,259,208,246,206,234,210,224,216,235,220,247,221,259,219,331,218,341,208,354,204,368,207,379,215,368,219,355,221,343,220
Cohn Kanade,S138_002_00000001.png,female,white,281,197,271,187,258,184,245,188,235,196,246,200,258,202,270,200,336,196,346,186,359,183,371,186,381,194,371,198,359,200,347,198
Cohn Kanade,S139_002_00000001.png,female,white,240,242,229,233,216,230,203,233,193,241,203,245,216,247,228,245,297,243,307,233,320,230,333,233,343,241,333,245,321,247,308,245
Cohn Kanade,S147_002_00000001.png,female,white,292,216,283,205,271,201,258,204,248,213,258,217,270,220,282,218,356,217,365,205,377,200,390,203,399,212,390,216,379,219,367,218
Cohn Kanade,S148_002_00000001.png,female,white,239,175,230,163,218,159,206,163,197,172,206,176,217,178,229,177,290,175,300,164,312,161,325,165,334,173,324,178,313,180,301,178
Cohn Kanade,S149_002_00000001.png,male,black,286,197,276,186,263,183,248,186,237,195,249,199,262,201,275,199,359,195,367,183,379,178,393,181,404,190,393,194,381,197,369,196
Cohn Kanade,S151_002_00000001.png,male,white,220,215,210,205,197,202,184,205,173,214,184,217,196,219,209,217,272,217,282,208,295,206,307,210,318,218,307,221,295,222,283,220
Cohn Kanade,S154_002_00000001.png,female,white,251,184,240,175,227,172,214,175,204,183,214,188,227,189,240,187,308,187,318,177,332,173,346,177,358,186,346,190,333,191,320,189
Cohn Kanade,S155_002_00000001.png,female,white,230,221,220,213,208,210,196,214,187,222,197,226,208,227,220,224,283,220,292,211,303,207,315,210,325,217,316,221,305,223,293,222
Cohn Kanade,S156_002_00000001.png,female,white,277,206,267,198,254,196,242,198,231,204,242,208,254,210,266,209,333,207,342,197,355,193,368,195,378,202,369,207,357,210,344,209
Cohn Kanade,S157_002_00000001.png,female,white,274,200,265,190,254,186,242,188,232,195,241,199,252,202,264,201,332,202,342,193,353,190,365,194,373,202,364,205,353,207,342,205
Cohn Kanade,S158_002_00000001.png,female,white,234,190,223,178,209,174,195,177,183,186,194,192,208,194,222,193,299,189,308,175,322,169,337,171,349,179,339,186,325,190,311,190
Cohn Kanade,S160_006_00000001.png,female,white,255,189,246,178,234,174,222,178,214,188,223,191,234,193,245,192,315,186,324,176,336,172,348,175,358,184,349,188,337,190,326,189
Cohn Kanade,S501_001_00000001.png,female,black,339,244,328,233,313,228,298,232,285,241,297,246,312,248,326,247,418,242,429,231,445,226,461,229,476,237,462,242,447,245,432,244
Cohn Kanade,S502_001_00000001.png,female,asian,315,224,304,215,289,211,273,214,261,222,273,227,288,228,302,227,391,223,403,213,418,209,434,212,447,221,434,225,419,227,404,226
Cohn Kanade,S503_001_00000001.png,female,white,275,230,265,221,252,218,239,222,228,230,239,233,252,234,264,233,358,230,368,220,381,216,395,219,407,228,396,232,382,234,369,232
Cohn Kanade,S504_002_00000001.png,male,black,283,221,270,211,253,209,235,213,221,222,236,226,253,227,269,225,354,222,367,210,384,207,402,211,416,221,402,225,385,227,368,225
Cohn Kanade,S505_002_00000001.png,male,asian,254,228,242,221,228,219,213,221,201,228,214,232,228,233,242,232,336,231,347,222,361,219,377,221,390,228,377,232,362,234,348,233
Cohn Kanade,S506_002_00000001.png,male,black,288,210,277,202,264,199,249,203,237,212,250,214,264,215,277,212,363,208,374,199,387,197,401,200,413,208,401,211,387,212,374,211
Cohn Kanade,S895_002_00000001.png,female,white,255,192,245,186,234,185,223,190,215,199,225,199,236,198,246,195,315,189,322,181,333,177,345,179,355,185,345,188,335,191,324,191
Cohn Kanade,S999_001_00000001.png,female,white,225,234,214,223,199,219,185,222,173,231,185,236,198,238,212,236,285,232,296,221,309,218,323,221,334,230,323,234,310,236,297,234
face sets 2d 21,adrian1.jpg,male,white,179,237,170,227,157,223,144,225,132,232,143,236,155,239,168,239,242,240,252,230,265,226,279,229,290,238,279,242,266,244,254,243
face sets 2d 21,alec1.jpg,male,white,189,236,180,230,170,228,158,230,149,235,158,238,169,239,179,238,247,240,255,233,265,231,276,235,285,243,275,244,265,244,255,242
face sets 2d 21,alison1.jpg,female,white,216,261,207,253,195,251,184,253,175,259,184,263,195,265,206,264,269,264,277,255,289,252,300,255,309,262,300,265,289,267,278,266
face sets 2d 21,alister1.jpg,male,white,192,239,183,232,171,229,159,232,148,239,159,242,171,243,182,241,250,240,260,233,272,231,284,234,295,241,284,244,272,245,260,243
face sets 2d 21,amellanby1.jpg,male,white,173,223,163,214,150,211,137,214,126,221,137,226,149,227,162,226,227,224,237,217,249,214,263,217,275,223,263,226,250,227,238,226
face sets 2d 21,andrew1.jpg,male,white,168,248,159,242,148,240,137,242,127,247,137,250,148,252,159,250,227,246,236,239,248,237,260,239,270,244,260,248,249,250,237,249
face sets 2d 21,annanena1.jpg,female,white,245,256,235,245,223,242,210,245,199,253,210,257,222,259,234,258,300,252,309,241,321,236,335,237,347,243,337,249,324,252,312,253
face sets 2d 21,anon_one1.jpg,male,white,196,215,187,206,174,203,161,205,151,213,161,217,173,219,185,217,261,214,269,204,281,200,294,203,305,212,294,215,283,216,271,215
face sets 2d 21,barry1.jpg,male,white,195,269,184,260,170,256,156,259,144,265,156,270,169,272,182,271,258,270,268,261,281,258,294,262,305,270,294,273,282,275,269,273
face sets 2d 21,bfegan1.jpg,male,white,171,272,162,264,149,260,136,262,124,268,135,273,148,275,160,274,234,276,243,265,256,261,270,265,281,274,270,278,257,280,245,278
face sets 2d 21,blair1.jpg,male,white,184,215,175,206,163,202,150,205,137,213,149,215,162,217,173,216,254,219,263,210,276,207,288,211,299,220,288,222,276,222,264,221
face sets 2d 21,blaw1.jpg,male,asian,182,261,173,254,161,252,148,255,137,261,148,264,160,265,172,264,238,261,247,253,259,250,271,253,280,259,270,263,259,264,248,263
face sets 2d 21,brian_ho1.jpg,female,asian,188,231,178,222,164,219,149,221,137,227,149,232,162,234,176,233,256,235,266,227,280,225,293,229,301,238,291,240,279,241,267,239
face sets 2d 21,caroline1.jpg,female,white,161,256,152,247,139,244,127,248,118,256,127,260,139,261,151,259,224,253,233,240,246,234,262,237,274,247,263,251,250,254,236,254
face sets 2d 21,catherine1.jpg,male,white,158,221,151,213,140,210,129,212,120,217,129,221,139,223,149,222,220,227,228,220,239,218,250,221,259,228,249,230,239,231,229,230
face sets 2d 21,chris1.jpg,male,white,154,234,143,226,129,224,116,229,105,238,117,240,130,240,142,237,215,234,225,225,238,222,252,227,262,235,251,238,238,238,226,236
face sets 2d 21,chris_harbron1.jpg,male,white,192,266,181,258,167,256,153,260,141,269,154,271,168,272,181,269,248,267,258,259,271,257,284,260,295,268,284,271,271,272,259,270
face sets 2d 21,chris_pin1.jpg,male,white,182,256,172,246,158,242,144,245,132,252,143,257,157,259,170,258,247,256,256,247,268,243,281,246,292,252,282,257,270,259,257,258
face sets 2d 21,clean_adrian1.jpg,male,white,179,237,170,227,157,223,144,225,132,232,143,236,155,239,168,239,242,240,252,230,265,226,279,229,290,238,279,242,266,244,254,243
face sets 2d 21,dave_faquhar1.jpg,male,white,191,267,181,257,168,253,154,256,143,264,154,268,167,270,180,269,258,266,268,255,282,252,296,256,307,266,295,269,282,270,269,268
face sets 2d 21,david1.jpg,male,white,178,248,168,241,157,239,144,241,133,247,144,250,156,251,167,250,247,251,256,245,266,243,277,245,287,251,277,253,267,254,256,253
face sets 2d 21,david_imray1.jpg,male,white,169,261,159,249,146,245,132,247,121,256,131,261,144,264,157,263,236,265,246,255,258,252,271,257,281,267,270,269,258,269,246,267
face sets 2d 21,dbell1.jpg,male,white,195,227,186,216,173,211,159,213,146,220,157,225,170,228,183,228,275,232,284,222,296,218,309,222,320,232,309,234,297,235,285,234
face sets 2d 21,derek1.jpg,male,white,163,237,153,230,140,228,128,232,118,240,129,242,141,243,152,241,217,236,227,227,240,224,254,227,266,234,255,238,242,240,229,238
face sets 2d 21,dhands1.jpg,male,white,190,247,180,237,166,233,151,235,139,242,151,247,164,249,177,249,253,250,263,240,277,237,290,241,301,249,290,253,277,255,264,253
face sets 2d 21,dhawley1.jpg,male,white,191,239,181,232,169,230,156,234,146,242,157,244,169,244,181,242,264,233,273,225,285,221,298,223,309,230,298,233,286,235,275,235
face sets 2d 21,dlow1.jpg,male,white,172,207,162,201,151,200,139,203,129,208,140,211,151,212,162,210,224,205,234,199,246,196,258,198,268,203,258,206,246,208,235,207
face sets 2d 21,dougal_grant1.jpg,male,white,195,277,185,269,173,266,160,268,148,273,159,277,172,280,184,279,254,279,264,270,275,267,287,270,297,277,287,281,276,283,265,281
face sets 2d 21,dpearson1.jpg,male,white,190,236,179,228,166,225,154,227,143,233,153,237,166,240,178,238,245,238,255,231,267,228,280,232,290,238,279,241,267,242,256,240
face sets 2d 21,dsmith1.jpg,male,white,159,274,149,266,136,264,123,268,112,275,124,278,136,278,148,277,214,274,224,267,236,265,249,269,260,275,249,278,236,279,225,277
face sets 2d 21,fiona1.jpg,female,white,254,270,244,259,231,255,217,258,206,266,216,271,229,273,242,272,320,271,331,260,345,256,360,261,370,271,359,275,345,277,332,274
face sets 2d 21,george1.jpg,male,white,170,238,160,230,147,228,135,232,125,240,136,243,148,243,159,241,233,233,241,224,253,220,265,221,275,227,266,232,255,234,243,234
face sets 2d 21,gfindley1.jpg,male,white,183,252,172,243,159,241,145,246,134,255,146,257,159,258,172,255,238,252,249,242,263,238,277,242,288,251,276,255,263,256,250,254
face sets 2d 21,ghall1.jpg,male,white,217,265,205,257,190,256,174,260,161,269,175,271,190,271,204,268,289,263,300,255,315,252,329,256,340,263,328,267,315,268,301,266
face sets 2d 21,gillian1.jpg,female,white,244,282,236,275,225,272,213,273,203,277,212,282,223,284,234,284,300,286,309,279,320,276,332,277,343,282,333,286,322,289,310,288
face sets 2d 21,gordon1.jpg,male,white,177,242,168,234,156,231,142,234,131,242,142,244,155,245,166,244,242,243,251,235,263,232,276,236,287,244,275,245,264,246,252,245
face sets 2d 21,graham_brown1.jpg,male,white,184,254,172,245,158,242,143,247,132,257,144,260,158,261,172,258,255,250,266,238,280,233,296,236,309,246,296,250,282,253,268,252
face sets 2d 21,grant_cumming1.jpg,male,white,169,270,161,262,151,258,139,259,128,265,138,269,149,271,159,271,231,275,240,267,251,264,264,266,274,274,264,277,252,278,241,277
face sets 2d 21,heather1.jpg,male,white,179,255,169,248,157,246,144,249,133,255,145,258,157,259,168,257,249,259,260,251,274,248,287,252,299,259,287,262,274,263,261,261
face sets 2d 21,hin1.jpg,male,asian,178,210,169,201,157,198,144,200,133,207,144,211,156,213,167,212,243,213,253,204,265,200,279,204,289,212,278,216,266,217,254,215
face sets 2d 21,ian1.jpg,male,white,168,231,158,221,145,218,132,221,122,229,132,233,145,235,157,234,227,230,237,222,250,220,262,222,273,229,263,233,250,234,238,233
face sets 2d 21,irene1.jpg,female,white,175,294,166,287,156,285,144,287,135,293,144,296,155,297,165,296,236,296,244,291,254,288,266,290,276,294,266,297,256,299,245,298
face sets 2d 21,iroy1.jpg,male,white,157,252,148,244,137,241,125,243,114,248,124,252,135,254,147,253,217,251,227,244,239,242,251,244,262,249,252,253,240,255,228,253
face sets 2d 21,itaylor1.jpg,male,white,185,244,177,234,166,230,153,232,142,238,152,243,163,245,175,245,254,243,262,234,273,231,284,233,294,240,285,244,274,246,263,245
face sets 2d 21,jenni1.jpg,female,white,247,220,237,210,224,206,210,209,198,216,209,221,222,223,235,222,311,219,321,211,334,208,347,211,359,218,347,222,335,223,322,221
face sets 2d 21,jim1.jpg,male,white,180,254,169,246,154,243,139,247,127,255,140,258,154,259,168,257,237,257,247,251,261,249,274,253,285,261,273,263,260,263,248,261
face sets 2d 21,joanna1.jpg,female,white,196,248,186,238,173,234,160,236,149,242,159,248,172,251,184,250,261,247,270,238,283,235,295,237,305,243,296,248,284,250,272,249
face sets 2d 21,johannes1.jpg,male,white,168,266,158,259,145,257,132,260,121,266,132,269,145,270,157,269,225,263,236,255,248,253,260,255,271,261,261,265,249,267,236,265
face sets 2d 21,johnny_page1.jpg,male,white,166,265,156,254,143,250,130,253,118,262,129,266,142,268,154,267,232,271,243,260,257,257,270,261,281,270,270,274,257,276,244,274
face sets 2d 21,john_mccal1.jpg,male,white,200,270,191,261,179,257,166,260,156,268,166,272,178,274,190,272,262,272,271,263,284,260,296,264,305,273,295,276,284,277,272,275
face sets 2d 21,john_thom1.jpg,male,white,175,272,165,263,154,261,142,266,133,275,143,277,154,277,165,275,231,264,238,254,248,249,260,251,271,258,262,262,251,264,241,265
face sets 2d 21,jsheenan1.jpg,male,white,137,233,128,226,117,224,106,228,98,235,107,237,118,238,128,236,199,224,207,218,217,215,228,217,238,222,228,225,218,226,208,225
face sets 2d 21,kay1.jpg,female,white,199,277,190,268,178,265,165,269,155,278,166,281,178,281,189,279,264,274,274,265,287,262,300,266,311,274,300,277,287,278,275,277
face sets 2d 21,kieran1.jpg,male,white,216,256,205,247,192,244,179,248,168,255,179,259,192,261,204,259,279,258,289,249,302,246,316,249,328,257,316,261,303,263,290,261
face sets 2d 21,kim1.jpg,female,white,203,268,192,257,178,254,164,258,152,267,164,271,178,272,191,270,279,264,288,255,299,251,311,254,321,261,311,265,300,266,289,266
face sets 2d 21,kirsty1.jpg,female,white,194,222,184,211,171,206,157,208,145,216,156,221,168,224,182,224,261,227,271,218,284,215,297,219,308,226,297,230,284,231,272,229
face sets 2d 21,lisa1.jpg,female,white,164,256,156,249,145,247,134,249,124,254,134,257,144,259,155,258,215,260,224,252,236,250,247,254,256,261,247,264,236,264,225,262
face sets 2d 21,louise1.jpg,female,white,166,213,159,205,148,202,138,206,129,215,139,216,149,216,158,214,221,213,228,205,238,202,249,206,256,215,248,216,238,216,229,215
face sets 2d 21,lynn1.jpg,female,white,174,243,164,234,152,231,140,233,130,239,139,244,151,246,163,245,252,245,261,239,272,236,285,238,296,244,285,247,273,248,262,247
face sets 2d 21,lynn_james1.jpg,female,white,260,269,250,259,236,256,223,259,211,267,223,271,236,273,249,271,333,268,343,257,357,252,372,256,384,266,372,269,359,271,345,270
face sets 2d 21,marie1.jpg,female,white,200,233,188,225,174,222,159,226,147,234,160,238,174,239,188,237,265,228,274,216,288,211,303,213,316,221,305,226,291,230,277,229
face sets 2d 21,mark1.jpg,male,white,159,250,149,241,135,238,122,240,110,247,121,252,134,254,147,252,222,248,233,240,246,237,259,239,270,245,259,250,247,252,234,251
face sets 2d 21,martin1.jpg,male,white,166,257,158,248,147,244,134,246,123,253,133,257,145,259,156,259,229,260,238,252,250,249,263,252,273,259,263,262,251,264,239,262
face sets 2d 21,meggan1.jpg,female,white,212,290,201,280,186,276,171,279,159,285,171,291,184,294,199,293,272,294,283,282,298,278,313,281,325,289,313,295,299,298,285,296
face sets 2d 21,merilyn1.jpg,female,white,179,233,170,223,158,220,146,223,136,232,146,235,158,236,169,235,244,231,252,223,262,220,273,223,283,230,273,232,263,234,253,233
face sets 2d 21,michael1.jpg,female,white,171,238,160,229,145,226,131,229,120,237,132,241,145,243,159,241,235,240,246,233,261,230,276,233,288,240,275,244,261,245,247,244
face sets 2d 21,milly1.jpg,female,white,171,264,163,257,152,255,141,259,132,266,141,268,152,268,162,267,240,265,248,256,259,252,271,255,281,262,271,265,261,266,250,266
face sets 2d 21,miranda1.jpg,female,asian,184,240,172,234,157,232,142,236,129,242,143,245,158,246,172,244,255,242,266,235,279,233,294,237,306,244,293,246,279,246,266,244
face sets 2d 21,mmanson1.jpg,male,white,190,262,179,254,165,252,151,255,140,261,151,266,165,268,178,266,247,258,257,249,269,246,282,248,293,254,283,259,270,261,258,260
face sets 2d 21,mnicholson1.jpg,male,white,175,282,165,273,152,270,138,272,126,278,137,283,150,285,163,284,242,283,253,274,266,272,279,274,291,282,280,285,267,287,254,285
face sets 2d 21,neil1.jpg,male,white,189,251,178,240,163,236,148,240,136,250,149,254,163,255,177,253,258,243,267,234,280,229,294,232,307,238,295,242,282,245,269,244
face sets 2d 21,nick1.jpg,male,white,195,255,185,247,173,244,160,247,150,253,160,258,172,260,184,258,247,254,257,247,268,245,280,247,290,253,280,257,269,258,257,257
face sets 2d 21,olive1.jpg,female,white,184,308,175,300,164,297,152,299,143,306,152,310,163,311,174,310,258,303,267,295,278,291,291,294,302,300,291,303,280,305,268,304
face sets 2d 21,paol1.jpg,male,white,218,202,209,192,197,189,185,192,176,199,185,203,197,205,208,204,261,203,270,194,281,190,293,193,303,200,293,204,282,206,271,205
face sets 2d 21,pat1.jpg,female,white,173,216,163,209,150,206,137,210,128,217,138,220,150,221,162,219,237,214,246,205,258,202,271,206,281,214,270,217,259,218,247,216
face sets 2d 21,paul1.jpg,male,white,181,264,171,255,157,252,144,255,133,263,144,267,157,269,170,267,238,263,248,255,261,252,274,255,285,263,274,266,261,267,249,266
face sets 2d 21,peter1.jpg,male,white,180,246,170,236,157,232,143,236,132,244,143,248,156,249,169,248,252,250,261,240,274,236,287,239,298,247,287,251,275,253,263,252
face sets 2d 21,peter_macgeorge1.jpg,male,white,161,231,151,222,138,219,125,223,116,232,126,235,139,236,151,234,229,231,238,221,252,217,266,221,277,230,266,233,253,234,240,233
face sets 2d 21,pkyle1.jpg,female,white,202,300,193,291,181,288,168,291,158,299,169,302,181,303,192,302,267,296,275,288,286,283,298,284,309,289,299,294,288,296,277,297
face sets 2d 21,richard_hardwick1.jpg,male,white,181,270,172,261,159,258,147,261,136,270,146,273,159,274,171,272,241,268,250,259,263,255,276,258,288,266,276,269,264,271,252,270
face sets 2d 21,ruth1.jpg,female,white,259,240,250,231,238,229,226,232,217,239,226,243,238,245,249,243,316,237,324,227,337,223,349,226,358,233,349,238,338,240,326,239
face sets 2d 21,scott1.jpg,male,white,176,256,165,246,150,242,135,244,122,249,134,255,148,259,163,258,231,261,242,253,256,250,270,253,282,260,270,264,257,265,243,264
face sets 2d 21,simon1.jpg,male,white,150,225,139,216,126,212,112,215,100,221,111,226,124,228,138,227,217,230,228,223,241,221,255,223,268,229,256,233,242,234,229,232
face sets 2d 21,stephen1.jpg,male,white,183,269,171,259,156,255,141,259,128,269,141,273,155,275,170,273,239,266,250,256,265,253,281,256,295,264,281,268,266,270,252,269
face sets 2d 21,stewart1.jpg,male,white,165,232,156,224,144,222,132,225,122,232,132,235,144,236,155,234,216,231,225,224,237,221,249,224,259,229,249,232,238,234,226,233
face sets 2d 21,terry_johnstone1.jpg,male,white,186,284,175,274,161,271,147,275,136,285,148,289,161,290,175,287,245,280,255,270,268,265,283,268,295,275,283,280,270,282,257,282
face sets 2d 21,tock1.jpg,male,white,181,242,173,234,161,230,148,233,137,241,148,244,160,245,171,244,253,244,263,238,275,236,288,240,299,247,287,249,275,249,263,247
face sets 2d 21,tracy1.jpg,female,white,203,247,193,235,178,229,162,231,149,239,161,245,175,249,190,249,281,251,293,240,308,236,323,240,336,249,323,254,309,256,294,254
face sets 2d 21,trevor1.jpg,male,white,189,231,179,223,166,220,152,223,141,230,152,233,165,234,177,233,249,234,260,228,271,227,283,231,293,238,282,240,271,240,259,237
face sets 2d 22,if1001.jpg,female,white,572,455,553,432,524,422,495,426,471,440,493,451,519,458,547,458,709,455,730,436,760,427,791,431,817,444,792,454,764,460,735,459
face sets 2d 22,if101.jpg,female,white,529,366,508,350,483,346,458,353,440,369,460,375,484,377,508,372,643,363,659,344,682,335,707,338,729,351,709,360,687,365,664,365
face sets 2d 22,if1101.jpg,female,white,546,444,525,422,497,415,470,421,450,438,470,449,496,454,522,451,658,442,677,418,705,407,734,410,759,424,738,437,711,445,683,445
face sets 2d 22,if1201.jpg,female,white,563,412,540,390,509,382,477,390,451,408,477,417,507,420,537,418,701,424,724,401,755,393,786,403,809,426,784,432,755,434,726,430
face sets 2d 22,if1301.jpg,female,white,597,486,575,466,548,460,521,467,499,485,522,493,547,496,573,492,733,480,751,460,777,450,805,454,829,467,807,477,782,483,756,483
face sets 2d 22,if1401.jpg,female,white,552,436,531,414,502,407,474,415,453,434,475,443,501,446,528,442,662,428,681,407,707,398,735,403,758,419,736,428,711,434,685,432
face sets 2d 22,if1501.jpg,female,white,607,496,587,469,557,458,527,465,503,485,526,496,553,502,582,501,744,488,760,461,786,448,816,451,841,467,820,479,795,487,768,489
face sets 2d 22,if1601.jpg,female,white,520,405,500,382,474,373,446,378,423,394,444,404,470,410,496,409,648,406,667,386,693,379,720,386,741,403,720,410,695,414,670,411
face sets 2d 22,if1701.jpg,female,white,628,403,609,386,583,380,557,383,536,393,556,403,581,408,605,407,749,407,768,390,794,383,820,388,841,402,820,411,795,415,771,412
face sets 2d 22,if1801.jpg,female,white,603,437,583,420,556,413,529,419,507,433,529,441,555,445,580,442,733,435,751,416,777,409,803,413,824,426,804,435,780,440,755,439
face sets 2d 22,if1901.jpg,female,white,566,389,547,372,521,366,495,373,474,387,495,394,520,397,544,394,687,387,705,371,729,365,754,371,775,385,754,391,730,394,708,391
face sets 2d 22,if1a01.jpg,female,white,568,422,548,404,521,398,495,404,474,418,496,427,520,431,545,428,683,415,699,394,723,384,749,387,771,400,752,410,728,416,705,417
face sets 2d 22,if2001.jpg,female,white,563,425,544,399,513,388,482,393,458,412,481,423,508,429,537,429,707,421,727,402,754,396,780,404,798,423,777,430,753,432,729,428
face sets 2d 22,if201.jpg,female,white,544,448,518,426,486,419,455,427,431,446,456,457,486,461,517,456,676,436,697,414,727,404,758,406,785,418,761,431,732,439,703,439
face sets 2d 22,if2101.jpg,female,white,563,430,549,407,526,396,501,397,480,408,497,421,518,430,542,432,678,438,692,419,713,411,734,414,750,427,735,436,716,442,696,441
face sets 2d 22,if2201.jpg,female,white,546,474,526,453,498,445,471,450,449,464,470,475,496,481,522,480,682,474,700,452,727,443,755,449,776,466,755,475,730,480,704,478
face sets 2d 22,if2301.jpg,female,white,542,434,517,412,485,405,453,414,428,435,455,443,485,446,515,441,688,430,707,407,736,397,766,403,791,420,767,429,740,435,713,434
face sets 2d 22,if2401.jpg,female,white,589,433,567,415,538,410,510,418,487,435,512,442,539,444,565,440,741,416,759,394,786,383,816,384,843,396,819,408,793,416,766,418
face sets 2d 22,if2501.jpg,female,asian,603,415,587,396,563,388,541,394,524,408,541,417,562,421,584,419,704,407,718,388,739,379,762,382,781,393,764,402,744,408,723,408
face sets 2d 22,if2601.jpg,female,white,565,420,543,400,514,394,486,401,463,417,486,426,513,430,541,426,677,420,697,399,724,391,752,395,774,409,753,421,728,427,701,425
face sets 2d 22,if2701.jpg,female,white,547,440,523,417,492,409,461,415,436,431,460,443,490,449,520,445,666,440,689,419,720,410,751,416,777,430,752,442,723,448,693,445
face sets 2d 22,if2801.jpg,female,asian,562,438,539,416,508,407,477,414,452,431,477,442,506,447,535,444,692,436,712,411,741,401,771,406,794,424,772,435,745,441,717,440
face sets 2d 22,if2901.jpg,female,asian,546,480,528,462,503,455,477,462,457,478,478,485,502,488,525,485,666,463,682,442,706,431,732,431,755,441,736,453,713,462,688,463
face sets 2d 22,if3001.jpg,female,black,542,493,521,469,492,460,463,466,441,484,463,496,490,501,518,498,661,482,674,461,695,451,719,453,739,465,722,475,702,482,680,483
face sets 2d 22,if301.jpg,female,white,566,387,544,370,516,365,488,373,466,391,490,397,517,399,543,394,690,377,711,357,739,349,769,355,794,371,770,379,742,384,715,382
face sets 2d 22,if3101.jpg,female,asian,560,404,538,381,507,372,475,378,450,396,475,406,504,412,534,409,678,401,699,379,730,371,761,377,785,394,761,405,732,409,703,407
face sets 2d 22,if3201.jpg,female,white,546,418,524,399,496,392,468,399,446,414,469,424,496,428,522,424,672,410,691,388,719,378,747,380,772,393,750,406,724,414,696,413
face sets 2d 22,if3301.jpg,female,white,587,423,568,403,542,395,517,401,498,416,517,425,541,430,565,427,702,425,720,406,746,398,772,403,793,416,773,425,749,430,724,429
face sets 2d 22,if3401.jpg,female,white,587,428,566,405,537,397,508,404,485,423,508,432,535,436,563,433,708,416,724,391,750,378,779,381,804,395,783,407,758,415,732,417
face sets 2d 22,if3a01.jpg,female,white,611,393,589,381,563,379,538,388,519,403,541,407,566,407,590,401,726,380,744,362,770,355,795,359,817,371,797,380,773,385,748,384
face sets 2d 22,if401.jpg,female,white,548,380,524,363,494,360,466,371,445,391,470,396,498,396,525,389,675,361,695,339,723,329,754,333,780,347,756,357,729,364,701,364
face sets 2d 22,if4a01.jpg,female,asian,512,441,487,424,457,421,431,430,414,446,435,457,461,459,488,452,640,420,662,395,693,382,725,384,751,396,729,412,700,422,669,423
face sets 2d 22,if501.jpg,female,white,575,378,556,362,530,356,504,363,483,377,505,383,529,385,553,383,713,378,732,363,757,359,781,368,800,386,778,388,755,388,733,384
face sets 2d 22,if601.jpg,female,white,539,408,519,392,494,387,466,394,444,409,467,414,493,416,517,413,664,415,685,397,713,392,742,400,765,417,741,423,713,425,687,421
face sets 2d 22,if701.jpg,female,white,534,455,509,436,479,432,452,441,432,459,455,469,482,471,510,464,650,441,669,415,698,401,729,401,757,412,735,428,707,439,678,442
face sets 2d 22,if801.jpg,female,white,578,448,558,427,532,418,505,422,484,435,503,447,528,453,554,452,701,453,719,434,744,427,770,432,791,447,771,455,747,459,722,457
face sets 2d 22,if901.jpg,female,white,576,418,552,399,522,394,494,404,473,423,497,430,524,432,552,426,692,408,711,383,740,371,772,375,799,390,775,401,747,409,718,410
face sets 2d 26,f10n1.jpg,female,white,337,270,331,261,321,258,311,260,304,267,311,271,320,273,329,272,380,271,387,262,397,259,407,261,414,269,407,272,398,274,388,273
face sets 2d 26,f11n1.jpg,female,white,364,263,356,253,344,249,333,253,325,261,333,265,344,266,354,265,402,267,412,257,424,255,435,260,441,269,433,273,423,273,412,270
face sets 2d 26,f12n1.jpg,male,white,346,256,339,246,328,242,318,243,309,250,317,255,327,258,337,257,395,257,404,248,415,245,426,248,434,257,426,260,415,261,405,260
face sets 2d 26,f13n1.jpg,female,white,337,266,328,256,316,253,303,257,293,266,303,269,315,270,327,269,385,267,394,257,407,253,420,257,429,265,420,270,408,272,396,270
face sets 2d 26,f1n1.jpg,female,white,329,291,320,281,308,277,296,280,287,287,296,291,307,294,319,293,374,291,383,281,395,278,407,280,417,287,407,292,396,294,384,293
face sets 2d 26,f2n1.jpg,female,white,336,265,328,255,317,252,306,256,299,265,307,268,317,269,327,267,390,261,396,250,407,245,418,247,428,254,420,259,410,262,399,262
face sets 2d 26,f3n1.jpg,female,white,298,287,287,279,274,278,263,284,257,295,267,297,278,296,288,292,345,275,352,262,365,255,378,256,390,263,381,269,370,274,357,275
face sets 2d 26,f4n1.jpg,female,white,342,276,334,267,323,263,312,266,303,273,312,277,322,278,332,278,393,278,401,268,412,264,423,267,432,276,423,280,413,281,402,280
face sets 2d 26,f6n1.jpg,female,white,344,265,336,255,324,251,313,254,305,263,313,267,323,268,334,267,396,264,405,253,418,249,430,253,438,263,429,266,418,268,406,266
face sets 2d 26,f7n1.jpg,female,white,329,267,321,258,309,254,298,257,290,264,298,268,309,271,320,270,378,266,386,256,398,252,410,254,418,261,410,266,399,269,388,268
face sets 2d 26,f8n1.jpg,male,white,361,282,353,273,341,270,330,274,321,282,330,285,341,286,352,284,404,282,413,273,425,270,437,273,446,280,437,284,426,285,414,284
face sets 2d 26,f9n1.jpg,female,white,345,286,336,276,324,273,311,276,301,285,311,288,323,289,335,288,404,285,413,275,426,272,438,276,448,284,438,287,426,289,414,287
face sets 2d 26,m10n1.jpg,male,white,336,284,328,279,319,277,309,280,301,286,310,288,319,288,328,287,385,281,392,273,401,270,411,272,419,278,411,281,402,283,393,282
face sets 2d 26,m1n1.jpg,male,white,334,298,324,287,312,284,299,288,289,298,299,301,311,302,323,301,370,297,379,287,391,283,403,286,413,294,403,298,392,300,381,299
face sets 2d 26,m2n1.jpg,male,white,328,276,319,268,309,266,298,270,289,278,299,280,309,280,319,278,381,274,389,266,399,263,411,266,421,273,411,275,400,276,390,275
face sets 2d 26,m3n1.jpg,male,white,339,293,331,284,320,281,308,284,299,292,308,295,319,296,330,295,390,293,399,283,410,279,422,282,433,290,423,293,411,295,400,294
face sets 2d 26,m4n1.jpg,male,white,345,266,336,258,324,255,312,259,302,268,313,271,324,271,335,269,393,261,401,251,412,247,424,248,435,254,426,258,415,261,403,262
face sets 2d 26,m6n1.jpg,male,white,361,276,353,268,342,265,331,268,322,275,331,278,341,279,352,278,400,278,409,270,421,268,432,272,440,280,431,283,420,283,410,281
face sets 2d 26,m7n1.jpg,male,white,336,279,328,271,318,269,307,273,298,280,307,282,318,283,328,281,375,278,384,270,395,268,405,272,413,281,404,283,394,283,384,280
face sets 2d 26,m8n1.jpg,male,white,345,276,338,269,328,266,316,269,306,276,316,278,327,279,336,278,394,275,402,267,412,264,423,267,432,274,423,276,413,278,403,277
face sets 2d 26,m9n1.jpg,male,white,333,312,324,302,313,299,302,302,294,310,302,314,313,315,323,314,375,306,382,296,392,291,403,292,413,298,406,303,395,307,384,307
face sets 2d 28,f4001.jpg,female,white,488,571,473,554,452,546,429,550,410,562,428,570,448,574,469,573,591,574,608,558,630,553,652,558,670,572,652,579,631,582,610,579
face sets 2d 28,f4002.jpg,female,white,427,566,412,545,389,536,364,540,344,555,362,563,384,568,407,568,551,568,568,550,591,543,615,548,635,562,616,569,594,573,571,571
face sets 2d 28,f4003.jpg,female,white,407,556,390,543,368,538,346,543,327,553,346,560,367,563,388,560,527,551,544,536,566,530,588,534,608,544,590,551,568,555,547,554
face sets 2d 28,f4004.jpg,male,white,375,507,359,491,338,485,316,490,298,504,316,510,336,513,357,511,481,504,496,487,517,480,538,484,556,496,540,504,520,508,499,507
face sets 2d 28,f4005.jpg,female,white,337,569,320,554,299,548,278,552,260,561,277,571,297,575,318,573,451,564,468,548,491,542,512,545,530,556,513,566,492,571,470,568
face sets 2d 28,f4006.jpg,male,white,388,533,372,517,351,511,330,516,312,527,329,534,349,538,369,536,507,539,522,522,542,516,563,520,580,533,563,540,544,543,525,542
face sets 2d 28,f4007_1.jpg,female,white,395,548,380,528,357,520,332,525,313,539,331,547,353,551,375,551,530,560,549,539,575,532,601,541,621,561,600,567,575,569,551,565
face sets 2d 28,f4008.jpg,female,asian,378,528,360,511,336,505,312,509,292,521,311,529,334,534,357,532,506,524,524,507,548,500,571,504,590,516,572,525,550,530,527,528
face sets 2d 28,f4009.jpg,female,white,362,535,345,518,322,512,298,516,279,527,297,535,319,540,342,538,464,533,482,519,504,515,524,520,541,531,524,538,503,541,483,538
face sets 2d 28,f4010.jpg,female,black,332,559,316,543,292,537,269,540,249,551,268,558,290,562,312,561,460,566,478,553,501,549,525,556,545,569,524,573,501,574,479,571
face sets 2d 28,f4011.jpg,female,white,314,519,299,502,278,494,254,496,234,504,252,514,273,520,295,520,435,530,453,516,477,512,500,518,519,532,499,537,476,539,455,535
face sets 2d 28,f4016.jpg,female,white,409,513,393,498,372,492,351,497,334,509,351,516,371,519,391,517,528,512,544,497,565,490,586,494,604,504,587,513,567,517,547,516
face sets 2d 28,f4017.jpg,female,white,421,484,406,468,384,462,362,466,343,477,361,484,381,488,402,487,530,488,547,474,569,470,591,475,609,487,590,493,569,495,549,492
face sets 2d 28,f4018s.jpg,male,white,310,584,294,570,274,564,252,567,234,577,251,584,271,588,291,586,416,584,431,569,452,563,475,566,494,577,476,584,455,588,434,587
face sets 2d 28,f4021.jpg,female,white,394,499,377,487,356,483,334,487,316,497,334,503,355,506,376,503,527,501,543,486,565,481,588,485,607,497,588,504,567,507,546,504
face sets 2d 28,f4026.jpg,female,white,373,522,355,505,330,498,306,503,286,517,305,524,328,528,352,526,489,526,507,508,531,503,554,510,572,525,553,532,531,535,509,531
face sets 2d 28,f4027.jpg,male,white,348,486,332,473,312,468,291,473,273,484,291,489,311,492,330,490,448,489,464,474,486,469,508,475,526,488,508,493,487,496,466,493
face sets 2d 28,f4028.jpg,female,asian,378,518,362,502,341,496,320,502,304,514,321,521,340,524,360,522,496,527,511,512,532,508,552,515,566,529,550,534,531,535,512,532
face sets 2d 28,f4029.jpg,male,white,367,532,351,515,330,508,310,511,292,521,308,530,327,536,348,535,471,537,486,522,507,516,528,520,545,532,528,539,509,543,488,541
face sets 2d 28,f4030.jpg,female,white,369,484,354,465,331,457,306,462,286,478,305,484,327,488,349,487,477,485,494,468,518,462,541,469,560,483,541,489,519,492,497,489
face sets 2d 28,m4001.jpg,male,white,422,541,405,527,384,523,363,529,346,542,364,547,384,549,404,545,537,539,552,526,571,523,591,528,607,541,590,545,571,546,553,543
face sets 2d 28,m4002.jpg,male,white,403,565,386,551,366,545,343,548,322,556,341,564,363,569,384,568,537,570,554,556,574,552,596,556,616,568,597,573,576,575,556,573
face sets 2d 28,m4003_1.jpg,male,black,392,578,374,565,353,562,331,568,312,579,331,584,353,586,373,582,489,578,508,565,530,562,552,567,571,578,552,584,530,586,509,583
face sets 2d 28,m4004.jpg,male,white,409,579,394,561,373,554,351,558,332,572,349,578,370,582,390,581,524,591,543,576,565,573,588,581,607,597,587,600,564,601,543,596
face sets 2d 28,m4006.jpg,male,asian,318,543,302,531,282,527,261,529,243,538,260,545,280,549,300,547,448,543,464,530,485,526,506,532,524,545,505,549,485,551,466,548
face sets 2d 28,m4010.jpg,male,white,381,536,364,524,344,521,323,526,305,537,324,541,344,542,363,540,509,532,525,515,546,509,569,514,588,528,569,534,548,538,527,536
face sets 2d 28,m4011.jpg,male,white,415,587,399,575,378,571,355,576,337,586,356,591,377,593,397,590,559,591,576,577,597,571,621,576,643,587,622,593,600,596,579,594
face sets 2d 28,m4012_02.jpg,male,white,344,520,325,507,303,504,280,511,260,523,281,528,303,529,325,525,470,510,486,496,507,490,529,493,548,503,530,510,510,514,489,513
face sets 2d 28,m4014.jpg,male,white,386,551,370,537,349,533,327,537,308,549,327,554,348,556,368,554,511,550,526,537,545,533,565,537,584,548,566,553,546,555,528,553
face sets 2d 28,m4015.jpg,male,white,405,545,382,524,353,518,324,525,300,542,324,550,352,554,379,550,540,547,561,529,586,524,611,532,632,549,610,555,586,558,562,553
face sets 2d 28,m4016.jpg,male,white,370,543,351,527,327,522,302,526,280,536,301,544,324,549,349,547,489,547,509,532,532,527,557,532,579,543,558,550,534,554,510,551
face sets 2d 28,m4017.jpg,male,white,352,546,337,528,316,522,295,526,277,538,293,546,313,550,334,548,480,549,495,533,516,527,538,531,557,543,539,550,518,553,498,552
face sets 2d 28,m4018.jpg,male,white,362,517,346,501,325,496,304,502,286,517,304,521,324,523,344,521,463,516,480,499,501,493,524,498,543,513,525,519,503,522,482,519
face sets 2d 28,m4019.jpg,male,white,386,490,369,475,346,470,323,475,305,488,323,494,345,497,367,494,496,493,514,476,538,470,561,476,579,491,561,498,538,501,516,498
face sets 2d 28,m4020.jpg,male,white,344,536,327,521,306,515,284,517,265,527,282,535,303,540,324,539,464,540,484,525,507,521,530,525,550,536,531,545,508,549,485,545
face sets 2d 28,m4021.jpg,male,white,346,476,326,460,299,454,272,461,251,475,273,482,299,484,324,481,505,478,524,464,549,460,574,466,596,480,573,484,549,486,526,482
face sets 2d 28,m4024.jpg,male,white,390,458,373,442,352,436,328,441,308,454,327,459,349,462,371,460,509,467,526,454,546,451,568,456,586,469,567,473,547,474,527,471
face sets 2d 28,m4025.jpg,male,white,350,579,334,561,312,553,289,557,268,569,286,577,308,582,330,581,470,584,486,568,507,562,530,564,550,574,532,583,511,588,489,587
face sets 2d 28,m4026.jpg,male,white,388,508,372,493,352,488,330,491,310,501,329,508,349,512,370,510,515,516,531,502,551,498,572,503,590,515,572,520,552,522,533,519
face sets 2d 28,m4027.jpg,male,white,408,547,388,531,364,526,338,531,316,544,338,551,362,554,386,551,514,540,531,521,555,513,580,516,602,528,582,538,559,543,536,543
face sets 2d 28,m4028.jpg,male,asian,333,506,316,492,294,486,270,490,251,501,270,508,292,512,313,510,456,511,474,497,498,492,521,498,539,510,520,517,498,519,476,516
face sets 2d 28,m4029.jpg,male,white,361,561,346,548,328,544,310,547,294,556,309,563,327,566,344,564,491,565,505,551,523,546,542,550,558,561,543,567,525,570,507,568
face sets 2d 28,m4031.jpg,male,white,356,536,336,524,313,521,290,527,269,540,291,544,314,545,336,541,488,528,505,511,528,505,554,509,578,521,556,527,532,531,509,530
face sets 2d 28,m4032.jpg,male,white,364,555,349,540,329,533,308,536,290,547,307,554,326,558,346,557,493,562,506,543,527,533,551,536,572,548,554,557,533,562,512,563
face sets 2d 28,m4034.jpg,male,white,340,565,321,555,301,553,279,559,260,572,280,574,302,574,321,570,472,557,490,543,512,538,535,543,555,555,535,561,513,563,492,561
face sets 2d 28,m4035.jpg,male,white,352,531,338,516,319,510,298,515,278,527,297,532,316,534,335,533,492,529,506,516,525,511,546,515,565,526,546,530,527,532,509,531
face sets 2d 28,m4037.jpg,male,asian,395,566,372,549,344,544,318,552,298,568,320,576,346,579,372,574,499,557,517,537,543,527,571,530,595,543,574,553,548,560,522,560
face sets 2d 28,m4042.jpg,male,asian,403,495,385,478,361,472,337,478,321,493,338,500,360,503,383,500,510,503,528,490,550,487,571,495,586,510,568,513,548,513,528,509
face sets 2d 28,m4043.jpg,male,asian,372,478,354,461,329,456,304,463,285,480,306,485,329,487,352,484,493,473,510,456,534,450,559,455,579,469,559,476,536,479,513,477
face sets 2d 28,m4048.jpg,male,asian,370,559,351,545,327,540,302,545,281,555,302,563,326,566,349,564,489,559,506,545,530,539,554,543,575,554,554,562,532,565,509,564
face sets 2d 28,m4060.jpg,male,white,348,487,330,470,307,464,284,468,266,479,283,489,305,494,328,492,470,479,487,463,509,457,532,460,552,471,533,479,512,484,490,483
face sets 2d 28,m4061.jpg,male,white,326,482,308,467,284,462,259,467,238,480,259,486,282,489,305,486,466,483,484,471,507,467,531,473,551,486,530,490,507,491,486,488
face sets 2d 28,m4062s.jpg,male,white,371,517,354,497,330,489,304,494,282,508,302,516,326,520,350,520,502,527,519,508,543,502,567,509,585,526,566,532,543,535,521,531
face sets 2d 28,m4063.jpg,male,white,358,532,342,520,321,516,301,521,285,532,302,537,321,539,341,536,492,536,509,523,530,520,551,525,568,537,550,542,530,544,510,541
face sets 2d 28,m4064.jpg,male,white,375,525,359,506,336,499,313,504,294,518,312,526,334,530,356,528,506,518,523,502,545,496,568,499,587,511,569,519,548,524,526,522
face sets 2d 28,m4066.jpg,male,white,371,509,354,492,333,486,311,493,293,508,311,513,332,516,352,513,485,503,501,486,522,479,545,484,564,497,546,504,525,508,504,506
face sets 2d 28,m4067.jpg,male,white,321,513,304,498,282,492,258,496,237,508,258,514,280,517,301,516,472,531,490,518,513,515,537,521,558,533,537,538,513,539,491,536
face sets 2d 28,m4068.jpg,male,white,382,570,363,552,339,546,313,553,292,569,313,575,337,577,361,574,506,564,524,550,545,545,568,549,589,560,569,567,547,570,526,568
face sets 2d 28,m4072.jpg,male,asian,352,492,333,475,309,470,284,474,264,486,284,495,307,499,331,496,483,494,502,480,527,476,551,481,570,492,550,500,527,503,504,500
face sets 2d 28,m4073.jpg,male,asian,355,520,337,507,314,502,290,508,271,521,291,526,314,527,335,525,463,521,482,503,508,497,534,506,554,525,532,529,508,530,484,526
face sets 2d 28,m4074.jpg,male,white,324,480,308,465,287,459,263,464,243,477,263,482,284,484,305,483,462,492,480,477,502,474,525,482,544,498,523,501,501,501,481,496
face sets 2d 28,m4075.jpg,male,white,370,445,353,435,332,433,311,440,293,452,312,455,333,455,352,451,476,448,492,437,511,435,531,439,548,449,530,453,511,455,493,452
face sets 2d 28,m4076.jpg,male,white,354,570,333,552,306,544,279,548,255,559,277,570,303,576,330,574,478,580,499,564,525,560,550,568,570,583,548,589,524,591,500,586
face sets 2d 28,m4077.jpg,male,white,389,528,372,512,351,507,329,512,310,524,328,531,349,534,370,532,513,531,530,515,552,509,575,514,594,527,575,534,554,537,532,535
face sets 2d 28,m4078.jpg,male,white,376,519,357,501,331,495,305,500,282,514,304,521,329,525,354,523,498,517,519,506,544,504,569,510,590,522,568,527,543,528,519,523
face sets 2d 28,m4079.jpg,male,white,357,506,338,487,314,480,289,486,267,503,288,509,312,513,336,510,485,507,503,488,527,480,553,486,575,502,554,509,530,512,506,510
face sets 2d 28,m4080.jpg,male,white,325,619,305,600,280,593,254,597,233,609,252,619,277,625,302,623,444,625,462,605,488,597,514,600,538,612,517,623,492,629,467,628
FEI Face Database,1-11.jpg,male,white,299,199,290,190,279,187,267,191,257,198,267,201,278,202,289,200,348,199,357,190,368,187,380,190,390,198,380,201,369,202,358,201
FEI Face Database,10-11.jpg,male,asian,306,216,297,209,287,207,275,209,266,214,275,218,286,219,296,218,356,217,364,210,375,208,386,210,394,216,385,219,375,221,365,219
FEI Face Database,100-11.jpg,female,white,302,186,295,179,285,176,275,179,267,185,275,188,284,190,294,188,352,185,360,177,370,174,381,176,389,183,381,186,371,188,361,187
FEI Face Database,101-11.jpg,female,white,313,161,305,153,294,151,283,154,274,162,283,164,294,164,304,163,363,163,372,156,383,154,394,158,402,166,393,168,382,169,372,166
FEI Face Database,102-11.jpg,female,white,308,202,302,195,293,192,284,194,276,199,284,202,292,203,301,203,356,207,363,200,373,197,382,200,390,207,382,209,373,210,364,208
FEI Face Database,103-11.jpg,female,white,313,241,305,232,295,228,284,230,274,236,283,240,293,243,304,242,365,241,373,233,384,229,394,232,403,238,395,242,385,244,374,243
FEI Face Database,104-11.jpg,female,white,306,201,299,194,288,191,277,193,268,198,277,202,287,204,297,203,356,203,364,195,374,193,383,196,390,203,383,206,374,207,364,205
FEI Face Database,105-11.jpg,female,white,289,211,281,202,270,199,258,202,249,210,258,213,269,214,280,213,347,213,355,203,367,200,378,203,387,210,378,214,367,216,356,215
FEI Face Database,106-11.jpg,female,white,303,229,295,219,284,215,272,216,262,222,271,227,281,231,292,231,354,231,362,223,373,220,383,223,391,230,383,234,373,235,363,234
FEI Face Database,107-11.jpg,male,white,301,214,293,205,281,201,269,204,259,212,269,215,280,216,291,216,346,215,354,206,366,203,377,207,386,215,376,218,366,219,355,217
FEI Face Database,109-11.jpg,male,white,299,200,289,192,277,189,265,192,255,199,265,203,277,204,288,203,354,202,363,193,375,190,387,194,396,202,386,205,375,206,364,204
FEI Face Database,11-11.jpg,female,white,314,213,305,206,294,203,283,205,273,210,283,214,293,216,304,215,355,215,364,206,375,203,386,205,395,211,386,216,376,219,365,218
FEI Face Database,110-11.jpg,male,white,291,220,281,212,270,210,259,213,250,220,259,223,270,224,281,222,344,222,353,212,365,209,376,212,384,219,376,224,365,226,354,224
FEI Face Database,111-11.jpg,male,white,287,224,279,217,269,214,259,216,251,221,258,225,268,228,278,226,339,226,347,217,358,215,368,216,376,222,368,226,359,229,348,227
FEI Face Database,112-11.jpg,male,white,300,230,291,223,280,220,267,222,256,227,267,231,278,233,290,232,355,233,364,226,376,225,387,227,397,234,387,236,376,237,365,235
FEI Face Database,113-11.jpg,male,white,289,204,279,196,267,193,254,197,244,205,255,208,267,209,279,207,349,203,359,195,372,192,385,195,395,203,384,206,372,207,360,205
FEI Face Database,114-11.jpg,male,white,293,199,284,189,272,185,259,189,248,198,259,201,271,202,283,201,340,198,349,188,361,185,374,188,383,196,373,200,362,201,350,200
FEI Face Database,115-11.jpg,male,white,286,202,278,195,268,194,257,197,249,203,258,205,268,206,278,204,340,199,348,191,358,188,369,190,377,197,369,200,359,202,349,201
FEI Face Database,116-11.jpg,male,white,283,191,274,183,264,181,254,184,246,190,254,193,264,195,274,193,333,189,341,181,351,178,362,180,371,186,362,190,352,191,342,190
FEI Face Database,117-11.jpg,female,white,289,183,280,178,270,177,259,179,250,184,259,187,270,188,280,186,335,185,344,179,354,177,365,179,375,184,365,187,355,188,344,187
FEI Face Database,118-11.jpg,male,white,289,203,280,196,269,193,257,196,246,204,257,206,268,206,279,205,346,205,356,197,368,194,380,198,391,207,380,209,368,209,356,207
FEI Face Database,119-11.jpg,female,asian,313,198,306,191,297,188,287,189,279,194,286,198,295,200,304,200,359,200,366,191,377,188,387,190,394,196,387,200,378,202,368,202
FEI Face Database,12-11.jpg,female,black,300,205,292,200,282,198,272,201,265,207,273,209,282,210,292,208,351,204,358,197,368,194,379,196,388,201,379,204,369,206,359,206
FEI Face Database,120-11.jpg,male,white,297,177,289,169,279,167,268,169,258,176,267,179,278,180,288,179,348,177,356,169,367,165,379,168,389,174,379,177,368,179,358,178
FEI Face Database,121-11.jpg,female,white,299,197,291,188,280,184,270,188,262,196,270,199,280,200,290,199,342,195,350,186,360,183,371,186,379,193,371,196,361,198,351,197
FEI Face Database,122-11.jpg,female,black,304,204,295,194,283,190,270,193,259,200,269,204,281,206,293,206,355,205,364,196,376,193,388,195,398,202,389,206,377,209,365,207
FEI Face Database,123-11.jpg,female,white,291,189,283,182,272,179,261,182,252,189,261,192,272,193,282,191,343,189,352,182,363,180,374,183,383,189,374,192,363,193,353,192
FEI Face Database,124-11.jpg,female,white,295,178,286,171,274,169,262,172,253,178,263,181,274,182,285,181,354,175,363,167,374,164,386,165,397,170,387,174,376,177,365,177
FEI Face Database,125-11.jpg,female,white,300,194,291,186,280,183,270,187,262,195,270,198,281,199,291,197,349,189,355,179,365,174,376,176,384,182,377,187,368,190,358,190
FEI Face Database,126-11.jpg,female,white,292,210,284,206,274,204,263,205,253,208,263,211,273,213,283,212,342,209,350,206,360,205,371,205,382,206,372,209,361,211,351,210
FEI Face Database,127-11.jpg,female,white,312,199,304,189,293,186,282,189,274,197,282,201,292,202,303,201,358,196,366,186,377,182,388,184,396,191,388,196,378,198,368,198
FEI Face Database,128-11.jpg,female,white,295,192,287,184,277,182,267,185,258,192,267,194,277,195,287,194,334,192,342,185,351,182,361,185,370,191,361,193,352,195,343,194
FEI Face Database,129-11.jpg,female,white,288,187,281,180,273,177,264,180,257,187,264,189,273,190,281,189,341,183,347,175,355,172,364,174,371,180,364,183,356,184,348,184
FEI Face Database,13-11.jpg,male,white,312,206,304,197,293,193,281,195,270,201,280,205,291,207,302,207,360,211,369,203,381,200,392,203,401,211,392,214,381,215,370,213
FEI Face Database,130-11.jpg,female,white,306,203,299,195,288,192,277,194,267,202,277,204,287,206,297,205,351,203,359,195,370,193,381,196,389,202,380,205,370,207,360,205
FEI Face Database,131-11.jpg,female,white,296,188,289,181,280,178,270,180,261,186,269,189,279,191,288,190,344,188,351,181,360,179,370,180,378,186,371,189,361,190,352,190
FEI Face Database,132-11.jpg,female,white,294,201,286,194,277,191,267,194,259,201,267,203,276,204,286,203,345,201,352,193,362,190,372,192,381,198,372,201,363,203,353,202
FEI Face Database,133-11.jpg,female,white,300,193,292,186,281,184,271,187,263,193,271,196,281,197,291,195,343,192,351,185,361,182,372,185,381,191,372,194,362,195,352,194
FEI Face Database,134-11.jpg,female,white,305,191,296,184,286,181,275,183,266,190,275,193,285,194,295,193,354,189,362,181,372,177,383,178,393,184,384,188,374,190,364,190
FEI Face Database,135-11.jpg,female,white,305,185,298,177,289,174,278,177,270,183,278,186,288,187,297,186,354,187,361,180,371,178,381,181,387,187,380,190,371,191,362,190
FEI Face Database,136-11.jpg,female,white,298,211,290,205,281,204,272,207,265,214,273,215,282,216,290,214,344,209,350,200,360,195,370,197,379,203,371,207,362,209,353,210
FEI Face Database,137-11.jpg,female,white,309,193,301,185,291,183,281,186,274,193,282,196,291,197,301,195,350,192,357,183,368,180,377,183,384,190,377,193,368,195,359,193
FEI Face Database,138-11.jpg,female,white,309,209,300,198,287,194,274,197,263,206,274,210,286,212,298,211,365,210,375,200,389,198,403,202,413,210,402,214,389,215,376,213
FEI Face Database,139-11.jpg,female,white,298,196,291,187,280,183,269,184,260,190,268,195,278,198,289,197,344,199,353,191,364,189,375,192,383,198,374,202,364,204,353,202
FEI Face Database,14-11.jpg,male,white,292,215,284,211,275,210,264,211,255,213,264,216,274,217,284,217,346,218,355,215,365,215,376,217,385,220,375,222,365,223,355,221
FEI Face Database,140-11.jpg,female,white,303,174,297,164,286,159,275,161,265,167,274,171,284,174,294,174,348,177,357,169,368,167,378,171,385,179,377,182,367,182,357,180
FEI Face Database,141-11.jpg,female,white,297,184,289,178,279,175,269,178,261,183,269,186,279,187,288,186,346,185,354,176,366,173,376,175,384,180,377,185,367,188,356,187
FEI Face Database,142-11.jpg,female,white,294,181,286,174,275,171,265,174,256,181,265,184,275,185,285,184,338,180,345,171,355,168,365,170,373,176,366,180,356,182,347,181
FEI Face Database,143-11.jpg,female,white,297,191,289,185,279,184,269,189,263,197,271,197,281,196,290,194,340,187,347,179,358,176,369,179,377,187,368,189,358,190,349,189
FEI Face Database,144-11.jpg,female,white,300,180,293,172,284,169,275,172,267,178,275,181,283,182,292,181,346,180,352,173,361,170,369,173,376,179,369,182,361,183,353,182
FEI Face Database,145-11.jpg,female,white,298,196,291,187,281,183,270,185,262,191,270,195,279,197,289,197,348,196,356,187,367,183,378,186,387,193,379,197,368,199,358,198
FEI Face Database,146-11.jpg,female,white,291,214,282,207,271,205,259,208,250,214,260,217,271,218,281,216,342,215,349,207,360,205,370,208,378,214,370,217,360,218,350,217
FEI Face Database,147-11.jpg,male,white,291,214,282,206,272,203,261,206,254,213,262,216,272,217,282,216,345,213,352,205,363,202,374,204,383,210,374,213,364,215,354,214
FEI Face Database,148-11.jpg,male,white,284,208,274,200,260,197,247,201,238,210,248,213,261,215,273,212,335,204,345,195,357,192,370,194,380,201,370,205,358,207,346,206
FEI Face Database,149-11.jpg,female,white,297,221,286,218,274,218,262,222,252,228,263,229,275,228,286,225,358,214,367,208,379,206,392,208,404,213,392,216,380,217,368,216
FEI Face Database,15-11.jpg,female,white,290,205,283,198,273,196,263,199,256,205,263,208,273,209,282,207,339,204,346,195,356,192,367,194,376,200,368,204,358,206,348,205
FEI Face Database,150-11.jpg,female,white,300,212,291,203,279,199,266,203,256,211,266,214,278,216,290,214,344,210,353,201,364,197,376,200,386,207,376,212,365,214,354,213
FEI Face Database,151-11.jpg,female,white,309,224,300,217,290,215,279,217,270,224,279,227,289,228,300,227,354,223,362,214,373,211,384,213,393,219,384,223,374,225,364,224
FEI Face Database,152-11.jpg,male,black,296,205,288,199,278,198,269,202,262,209,270,210,279,210,288,208,345,199,352,192,361,189,371,191,379,197,371,200,362,201,353,200
FEI Face Database,153-11.jpg,male,white,298,212,289,205,278,203,268,206,258,212,268,215,278,216,289,215,349,214,357,206,368,204,379,207,387,214,378,217,368,218,358,216
FEI Face Database,154-11.jpg,male,white,295,239,286,230,274,227,261,231,251,240,262,242,274,243,285,241,345,238,354,228,366,224,379,227,390,235,379,239,367,241,355,240
FEI Face Database,155-11.jpg,female,asian,304,176,297,170,287,168,277,169,270,173,277,177,286,179,296,178,362,178,371,172,382,171,392,173,400,178,391,182,382,183,372,181
FEI Face Database,156-11.jpg,female,white,304,195,296,189,286,188,277,191,270,196,278,199,287,200,296,198,345,192,351,184,361,181,370,183,377,187,370,191,362,194,353,193
FEI Face Database,157-11.jpg,female,black,295,190,287,182,277,178,267,180,259,186,267,190,276,192,286,192,351,189,358,181,368,177,378,179,386,184,378,188,369,191,360,190
FEI Face Database,158-11.jpg,female,white,305,165,298,155,287,152,276,154,268,161,276,165,286,167,296,166,357,166,364,158,375,155,385,158,392,164,384,168,375,169,365,168
FEI Face Database,159-11.jpg,female,white,277,199,268,192,257,191,247,195,241,202,249,205,259,206,269,203,327,191,334,181,345,176,357,177,368,182,359,187,348,191,337,192
FEI Face Database,16-11.jpg,male,black,290,214,281,207,271,205,260,209,252,215,261,218,271,218,281,216,336,211,344,203,354,200,365,203,374,209,365,212,355,214,345,213
FEI Face Database,160-11.jpg,female,white,315,238,307,232,296,230,285,233,276,240,286,242,296,242,306,241,366,233,373,225,383,222,393,224,401,229,393,233,384,235,374,235
FEI Face Database,161-11.jpg,female,white,299,205,291,196,280,192,268,194,258,199,267,204,278,207,289,206,348,206,357,197,369,194,380,198,389,206,380,210,369,211,358,209
FEI Face Database,162-11.jpg,female,asian,277,182,269,178,258,178,249,182,242,188,251,190,260,189,269,186,328,168,335,160,345,155,357,154,367,157,358,162,349,166,338,168
FEI Face Database,163-11.jpg,female,white,289,214,281,205,270,202,259,204,249,211,258,215,269,217,280,216,343,213,350,204,360,201,370,203,378,210,371,213,361,215,352,214
FEI Face Database,164-11.jpg,female,white,290,211,282,203,271,201,260,204,252,211,261,214,271,216,281,214,339,209,346,200,356,196,368,198,377,205,368,208,358,211,348,210
FEI Face Database,165-11.jpg,male,white,300,217,292,209,282,206,270,208,260,215,270,217,280,219,291,218,354,216,362,207,372,204,382,208,390,215,382,219,373,220,363,218
FEI Face Database,166-11.jpg,female,white,294,233,284,225,272,221,260,223,250,230,259,234,271,237,283,235,350,234,360,223,372,220,384,223,393,232,384,236,373,238,361,236
FEI Face Database,167-11.jpg,female,white,297,194,289,187,279,184,268,187,260,193,268,196,278,198,288,196,344,193,351,186,361,183,370,185,378,191,370,194,361,196,352,195
FEI Face Database,168-11.jpg,female,white,298,174,290,168,279,165,268,167,258,171,268,174,278,176,288,175,353,179,362,174,373,173,383,176,392,181,382,184,372,184,362,182
FEI Face Database,169-11.jpg,female,white,296,175,287,166,276,164,265,167,256,173,265,177,276,178,286,177,347,173,355,165,366,162,377,165,387,171,378,175,367,176,356,175
FEI Face Database,17-11.jpg,male,white,308,228,299,220,287,217,276,220,267,226,276,230,287,232,298,230,361,226,370,217,381,213,392,215,402,220,394,225,383,228,372,228
FEI Face Database,170-11.jpg,female,white,299,186,291,176,280,173,269,177,261,186,270,189,280,190,290,189,345,182,351,171,362,166,373,169,382,177,374,181,364,183,354,183
FEI Face Database,171-11.jpg,male,black,304,215,295,206,284,203,272,206,263,213,272,217,283,218,294,217,357,213,365,203,376,199,387,201,396,208,388,213,378,215,367,215
FEI Face Database,172-11.jpg,female,asian,303,196,295,187,283,184,272,187,263,193,272,197,282,199,294,198,356,197,365,188,377,184,388,187,398,194,389,198,378,200,366,199
FEI Face Database,173-11.jpg,female,white,306,205,297,197,287,194,277,197,269,205,277,208,287,209,297,208,348,204,356,194,366,190,376,192,384,199,377,204,368,206,357,205
FEI Face Database,175-11.jpg,female,white,306,196,298,190,289,188,279,190,272,195,279,198,288,199,297,198,350,194,357,187,366,185,375,187,382,191,375,195,367,196,358,196
FEI Face Database,176-11.jpg,female,white,307,208,298,201,287,198,276,201,268,208,277,212,287,213,297,211,357,206,366,198,377,195,388,197,397,203,388,206,378,208,367,207
FEI Face Database,177-11.jpg,female,white,292,220,284,213,273,211,262,214,253,220,262,222,273,224,283,222,347,216,355,207,366,203,378,205,388,210,379,214,368,217,357,217
FEI Face Database,178-11.jpg,female,asian,292,161,284,152,273,148,262,150,252,157,261,161,272,163,282,162,353,162,361,153,372,150,383,153,391,160,383,163,373,165,362,164
FEI Face Database,179-11.jpg,female,asian,304,184,296,175,285,171,273,174,264,182,273,186,284,187,295,186,362,186,370,176,381,172,393,175,401,183,392,186,382,188,372,187
FEI Face Database,18-11.jpg,male,white,320,213,311,206,300,204,288,208,279,215,289,217,300,217,311,215,373,211,381,203,392,201,403,205,411,213,402,215,392,216,382,214
FEI Face Database,180-11.jpg,female,white,316,215,308,207,297,203,285,205,275,211,285,215,295,217,306,217,366,218,374,209,384,206,395,209,402,216,394,220,385,221,375,220
FEI Face Database,181-11.jpg,female,white,300,187,291,179,280,177,269,180,260,188,269,191,280,192,290,190,350,183,357,174,368,171,379,173,387,179,379,184,369,186,359,185
FEI Face Database,182-11.jpg,male,asian,286,199,276,189,262,186,249,192,240,203,251,205,263,206,276,203,338,194,346,182,359,177,373,179,385,187,374,192,362,195,349,195
FEI Face Database,183-11.jpg,female,white,289,181,280,174,268,172,256,176,246,183,257,185,268,186,279,184,345,178,354,170,366,167,378,169,388,176,378,180,367,182,355,181
FEI Face Database,184-11.jpg,female,white,298,221,291,214,280,210,269,213,260,219,269,222,279,224,289,223,355,224,363,217,374,215,385,217,394,223,385,226,374,227,364,226
FEI Face Database,185-11.jpg,male,black,303,198,294,190,283,188,271,192,262,201,272,203,283,203,294,201,344,196,352,187,362,184,374,188,383,195,374,198,363,199,353,198
FEI Face Database,186-11.jpg,male,white,302,232,293,226,282,224,270,226,259,231,270,234,281,235,292,234,352,234,362,228,373,226,385,230,394,236,384,239,373,239,362,237
FEI Face Database,187-11.jpg,male,white,295,222,286,212,274,209,260,213,248,221,260,223,272,225,284,223,350,223,359,213,372,209,385,212,396,221,386,225,373,226,361,225
FEI Face Database,188-11.jpg,male,white,303,216,293,208,281,207,269,211,261,219,271,222,282,222,293,220,355,214,364,205,376,202,388,205,397,212,388,216,376,218,365,217
FEI Face Database,189-11.jpg,female,white,301,208,294,200,284,198,274,201,267,208,275,211,284,212,293,211,359,208,366,200,376,197,386,199,393,206,386,209,377,211,367,210
FEI Face Database,19-11.jpg,male,asian,295,215,287,211,278,210,269,211,260,213,268,216,278,217,286,216,346,220,355,216,365,215,375,217,384,222,374,224,364,224,355,222
FEI Face Database,190-11.jpg,male,white,293,179,285,172,274,169,263,171,255,177,263,181,273,183,284,181,344,182,352,174,363,171,373,173,382,180,373,184,363,185,353,184
FEI Face Database,191-11.jpg,male,white,308,193,299,185,288,182,275,186,265,194,276,196,287,197,298,195,361,196,370,187,382,185,394,189,405,197,394,199,382,200,371,198
FEI Face Database,192-11.jpg,male,white,289,186,280,177,268,174,255,177,245,186,255,189,267,190,278,189,337,186,347,176,360,172,373,176,383,184,373,188,360,190,348,188
FEI Face Database,193-11.jpg,male,white,299,210,290,204,278,202,266,206,257,214,267,216,279,216,290,213,345,210,354,202,365,200,377,203,387,211,376,213,365,214,355,212
FEI Face Database,194-11.jpg,male,white,285,192,276,186,266,184,256,187,246,192,255,194,266,195,276,194,332,193,340,186,350,184,362,186,372,193,362,196,351,197,341,195
FEI Face Database,195-11.jpg,female,white,285,241,277,235,267,233,257,236,249,242,257,244,267,245,277,243,331,238,338,229,348,225,358,226,368,232,359,236,350,238,340,238
FEI Face Database,196-11.jpg,female,white,287,173,279,164,268,161,256,164,246,172,256,175,267,176,278,175,342,173,350,164,361,162,372,165,380,173,371,176,361,176,351,175
FEI Face Database,197-11.jpg,female,white,289,217,281,209,271,207,260,209,252,214,260,218,270,220,280,219,341,217,349,210,360,208,370,211,379,218,370,220,360,221,350,219
FEI Face Database,198-11.jpg,female,white,290,210,282,203,272,202,262,206,255,213,264,215,273,215,282,213,339,206,346,198,356,194,367,196,376,201,368,205,358,208,348,207
FEI Face Database,199-11.jpg,female,white,297,200,288,192,275,190,264,194,255,201,265,205,276,206,287,204,343,197,351,188,364,185,376,187,385,194,376,198,364,200,353,199
FEI Face Database,2-11.jpg,male,white,294,196,286,186,274,182,263,184,254,190,262,195,272,198,284,198,340,197,348,186,360,182,371,184,379,192,371,196,361,199,350,198
FEI Face Database,20-11.jpg,male,white,296,214,286,206,273,204,261,208,250,218,261,219,274,219,285,217,346,213,355,203,367,200,379,203,390,211,379,214,368,216,356,215
FEI Face Database,200-11.jpg,male,white,299,221,290,211,279,208,268,211,260,219,268,223,278,225,289,223,347,215,353,206,364,201,374,203,382,209,375,214,366,217,356,217
FEI Face Database,21-11.jpg,female,white,289,217,280,211,269,209,258,212,250,219,259,221,270,221,280,219,338,213,345,205,356,202,367,204,376,209,368,213,357,215,347,214
FEI Face Database,22-11.jpg,male,white,300,194,291,184,280,182,268,186,260,194,269,197,280,198,291,196,352,192,360,182,371,179,382,182,391,190,383,193,372,195,361,194
FEI Face Database,23-11.jpg,male,white,296,188,287,180,276,179,266,183,258,191,267,193,277,193,287,191,349,181,356,172,366,168,377,170,387,176,378,180,368,183,358,182
FEI Face Database,24-11.jpg,male,white,295,208,286,200,275,198,264,202,256,209,265,212,275,212,285,210,355,207,364,200,375,198,386,201,395,208,386,210,375,211,365,210
FEI Face Database,25-11.jpg,female,white,306,225,297,215,285,212,274,216,266,225,275,229,286,230,297,228,357,219,365,208,377,203,389,205,400,212,390,217,379,220,368,220
FEI Face Database,26-11.jpg,female,asian,304,191,296,183,285,180,274,183,266,189,274,192,285,194,295,193,351,191,359,183,370,180,380,183,389,189,380,192,370,194,360,193
FEI Face Database,27-11.jpg,male,white,292,202,283,195,272,193,260,196,251,202,261,205,272,206,282,204,343,201,351,192,362,189,373,191,382,198,373,202,363,205,352,204
FEI Face Database,28-11.jpg,female,white,304,216,297,207,287,203,276,205,267,212,275,215,285,218,295,217,359,220,369,213,380,211,391,215,400,223,390,226,379,226,368,223
FEI Face Database,29-11.jpg,female,white,293,206,285,197,274,194,263,197,254,205,263,208,273,210,284,208,353,204,360,194,370,190,381,192,390,199,382,203,372,206,362,205
FEI Face Database,3-11.jpg,male,white,305,215,295,207,283,204,271,208,262,216,272,219,283,220,295,218,358,210,367,202,379,199,391,202,401,209,391,212,380,214,368,212
FEI Face Database,30-11.jpg,male,asian,301,207,293,200,282,197,270,199,259,204,270,208,281,209,291,209,358,213,368,207,379,205,390,209,398,215,389,218,378,219,368,216
FEI Face Database,31-11.jpg,male,white,286,239,277,231,266,227,254,229,244,235,253,239,265,242,276,241,343,240,351,232,362,229,373,232,382,239,373,242,363,244,352,242
FEI Face Database,32-11.jpg,male,white,302,207,293,199,281,196,270,197,260,203,269,208,280,210,292,209,348,210,357,201,369,198,381,200,390,206,381,211,370,213,358,212
FEI Face Database,33-11.jpg,male,white,293,223,285,213,272,210,260,213,251,221,260,224,272,226,283,225,346,225,355,218,367,216,378,221,387,229,377,231,366,231,355,228
FEI Face Database,34-11.jpg,female,white,293,192,284,184,272,180,260,183,250,189,259,193,271,195,282,194,341,194,349,186,361,184,371,187,380,194,371,197,360,198,350,196
FEI Face Database,35-11.jpg,male,white,288,212,277,205,264,204,252,207,241,214,252,217,265,218,277,216,342,214,353,206,366,204,378,208,388,215,378,219,365,220,353,218
FEI Face Database,36-11.jpg,male,white,300,200,291,192,280,190,269,194,261,202,270,204,281,205,291,203,344,200,352,191,363,187,374,190,383,198,374,201,364,203,354,202
FEI Face Database,37-11.jpg,female,black,300,190,292,184,283,181,273,184,264,190,273,192,282,193,291,192,348,189,355,182,365,179,376,182,384,188,376,191,366,192,356,191
FEI Face Database,38-11.jpg,male,white,304,248,294,240,283,238,271,242,261,252,272,253,283,253,294,251,361,247,370,237,382,234,394,238,404,247,394,250,382,251,371,249
FEI Face Database,39-11.jpg,female,asian,293,196,286,190,277,188,268,189,261,194,268,197,277,198,285,197,341,196,348,189,357,187,367,189,375,194,367,197,358,199,349,198
FEI Face Database,4-11.jpg,male,white,299,187,289,177,277,174,266,178,258,187,267,191,278,192,289,190,343,184,351,174,362,169,374,172,384,180,375,184,364,186,353,185
FEI Face Database,40-11.jpg,male,white,300,220,291,212,280,208,268,211,257,218,267,221,279,223,290,222,346,220,354,212,365,209,377,211,387,218,377,221,366,222,356,221
FEI Face Database,41-11.jpg,male,white,297,206,288,198,277,195,266,197,256,203,265,207,276,209,287,208,351,205,359,197,370,193,381,195,391,201,382,205,371,208,361,207
FEI Face Database,42-11.jpg,male,white,295,239,285,232,273,230,261,232,250,238,261,241,272,243,284,242,347,240,357,234,369,232,382,235,393,241,382,244,370,245,358,243
FEI Face Database,43-11.jpg,female,white,310,191,303,185,293,183,283,184,274,189,283,192,292,193,302,193,356,195,364,189,373,188,383,191,390,197,382,200,372,200,363,198
FEI Face Database,44-11.jpg,male,white,292,193,283,185,272,183,262,186,254,194,263,196,273,197,283,195,339,191,347,182,358,179,370,182,379,190,370,193,359,194,349,193
FEI Face Database,45-11.jpg,male,white,301,222,292,215,282,212,272,215,263,222,272,225,282,226,292,224,351,223,359,215,369,212,380,215,388,222,380,225,370,226,360,225
FEI Face Database,46-11.jpg,male,white,295,204,286,196,274,193,262,195,253,201,262,205,273,207,284,206,348,209,358,200,370,197,381,200,390,208,381,212,370,213,358,211
FEI Face Database,47-11.jpg,male,white,297,203,287,195,276,192,264,196,256,204,265,207,276,208,287,206,347,202,356,193,367,189,379,192,388,199,379,203,368,205,357,204
FEI Face Database,48-11.jpg,male,black,277,191,267,185,255,184,245,187,236,193,246,196,256,197,267,194,332,191,341,183,354,181,366,183,375,189,365,193,354,195,343,194
FEI Face Database,49-11.jpg,male,white,298,183,289,176,278,174,266,178,257,186,267,188,278,188,289,186,345,181,353,173,364,170,375,172,386,179,376,182,365,184,354,183
FEI Face Database,5-11.jpg,male,white,299,219,291,211,280,209,269,211,259,217,269,220,279,221,290,220,359,221,368,211,380,208,392,211,402,220,392,223,381,225,369,223
FEI Face Database,50-11.jpg,male,white,302,208,291,202,278,200,265,205,255,212,266,214,279,214,291,212,350,208,359,201,371,199,384,203,394,211,383,213,371,213,360,211
FEI Face Database,51-11.jpg,female,white,303,186,295,178,284,176,274,179,265,186,274,188,284,189,294,188,353,182,360,174,370,170,380,172,390,177,382,181,372,183,362,183
FEI Face Database,52-11.jpg,male,white,294,251,286,244,275,241,263,243,252,249,262,253,274,254,285,253,344,250,353,243,364,240,377,241,388,246,378,250,366,252,355,251
FEI Face Database,53-11.jpg,male,white,302,201,293,194,282,193,270,195,261,201,271,204,281,205,292,203,349,200,358,193,369,190,380,193,389,200,380,203,369,204,359,202
FEI Face Database,54-11.jpg,male,white,290,196,279,189,268,188,256,192,247,201,258,202,269,202,280,199,342,194,350,186,361,183,373,186,383,192,373,196,362,197,351,196
FEI Face Database,55-11.jpg,male,black,297,192,287,185,276,184,265,187,255,194,265,197,276,197,287,195,348,191,357,184,369,182,381,184,391,190,381,193,369,194,358,193
FEI Face Database,56-11.jpg,male,white,298,210,290,201,279,198,268,201,258,209,268,212,278,213,289,212,349,209,357,200,368,196,379,199,388,206,379,210,369,212,358,211
FEI Face Database,57-11.jpg,male,white,295,202,286,195,275,193,264,196,255,202,265,205,275,206,286,204,342,198,350,190,361,186,373,188,383,194,374,198,363,200,352,200
FEI Face Database,58-11.jpg,female,white,309,180,300,170,289,166,277,170,267,179,277,182,288,183,299,182,363,178,371,169,383,165,395,168,404,175,395,179,384,181,373,180
FEI Face Database,59-11.jpg,male,white,309,213,298,204,284,202,270,207,259,216,271,219,285,219,297,216,357,210,367,200,380,196,395,198,408,205,396,209,382,212,369,212
FEI Face Database,6-11.jpg,male,white,297,193,288,186,277,184,266,187,256,194,266,196,277,197,287,196,348,193,357,184,368,181,380,184,390,191,380,194,369,196,358,195
FEI Face Database,60-11.jpg,female,white,294,197,288,188,278,184,268,185,260,191,267,196,276,198,285,198,344,198,351,191,361,188,370,190,378,195,371,199,362,201,352,200
FEI Face Database,61-11.jpg,male,white,295,189,285,182,273,180,260,184,250,192,261,194,273,194,284,192,348,189,358,180,371,177,384,179,396,187,385,191,372,192,359,191
FEI Face Database,62-11.jpg,male,asian,290,207,282,198,271,196,261,198,253,205,261,208,271,210,281,209,349,207,357,198,368,195,378,198,387,205,378,208,368,210,358,209
FEI Face Database,63-11.jpg,male,white,292,169,283,163,272,162,261,166,252,174,262,175,273,174,283,172,337,165,345,157,356,155,367,158,376,164,367,167,357,168,346,167
FEI Face Database,64-11.jpg,male,white,289,197,280,188,268,185,257,188,248,195,257,199,268,201,279,200,335,197,344,188,357,185,368,188,376,196,367,200,356,202,345,200
FEI Face Database,65-11.jpg,male,white,296,201,287,195,277,193,266,197,257,203,267,205,277,205,287,203,340,201,348,193,358,190,369,192,378,199,369,202,359,203,349,202
FEI Face Database,66-11.jpg,male,white,306,207,296,198,284,196,270,200,260,208,271,211,283,211,296,209,357,203,366,195,379,192,392,195,403,203,392,206,379,207,368,205
FEI Face Database,67-11.jpg,male,white,289,188,280,178,268,175,255,179,246,188,256,191,267,192,279,190,339,188,348,179,359,177,370,180,378,187,370,191,359,192,349,190
FEI Face Database,68-11.jpg,male,white,306,216,295,208,282,206,270,209,261,216,271,220,283,222,295,220,346,214,355,203,367,199,379,202,389,209,380,214,369,216,357,216
FEI Face Database,69-11.jpg,female,white,296,194,287,184,275,182,264,185,256,192,265,197,275,198,286,197,341,188,347,177,358,172,369,173,378,178,371,184,361,189,350,189
FEI Face Database,7-11.jpg,male,white,296,193,288,185,277,183,266,186,257,192,266,195,277,196,287,195,351,192,359,184,370,182,381,185,390,192,381,195,370,196,360,194
FEI Face Database,70-11.jpg,male,white,291,171,283,164,273,162,262,165,254,173,263,174,273,175,282,173,345,171,353,163,363,160,373,163,382,169,374,172,364,174,354,173
FEI Face Database,71-11.jpg,male,white,304,238,297,228,286,224,275,226,266,232,274,237,284,240,295,239,349,236,357,228,368,224,378,226,387,233,379,237,369,239,358,238
FEI Face Database,72-11.jpg,female,white,291,198,281,191,270,189,259,194,251,202,260,205,271,205,282,202,333,194,341,184,352,180,363,182,373,188,364,192,354,195,343,195
FEI Face Database,73-11.jpg,male,white,302,202,293,193,281,190,269,193,260,200,270,204,281,206,292,204,355,198,363,189,375,184,387,186,397,192,388,197,377,200,365,200
FEI Face Database,74-11.jpg,male,white,286,243,278,235,267,233,256,235,247,241,256,245,266,246,277,245,345,240,353,231,364,228,375,229,384,235,376,239,365,242,355,241
FEI Face Database,75-11.jpg,female,white,280,193,272,185,262,183,253,186,246,193,253,196,263,197,272,195,332,186,340,178,350,174,361,175,370,179,362,184,352,187,342,187
FEI Face Database,76-11.jpg,male,white,292,192,284,187,275,185,265,187,256,192,265,194,274,195,284,194,348,192,355,186,365,184,375,186,384,192,375,194,365,195,356,194
FEI Face Database,77-11.jpg,male,white,299,184,291,174,279,169,267,172,257,179,266,183,277,186,289,185,350,184,359,174,370,171,382,174,391,182,382,185,371,187,360,186
FEI Face Database,78-11.jpg,female,white,304,191,296,181,284,177,273,179,264,186,272,191,283,193,294,192,358,192,367,182,379,178,390,181,399,189,390,193,379,195,368,194
FEI Face Database,79-11.jpg,female,white,300,181,293,172,283,168,273,171,265,179,273,182,282,183,291,183,348,180,355,171,365,167,375,171,382,179,374,182,365,183,356,182
FEI Face Database,8-11.jpg,male,white,281,188,274,180,263,177,254,180,246,186,254,189,263,191,273,189,335,186,343,178,353,175,364,178,373,185,364,188,354,189,344,188
FEI Face Database,80-11.jpg,male,white,311,247,303,236,290,232,278,234,268,242,277,246,289,249,301,248,361,249,370,238,383,235,395,238,405,247,395,251,383,253,371,251
FEI Face Database,81-11.jpg,male,white,304,213,297,208,288,206,278,207,270,212,278,214,287,216,296,215,351,213,358,207,367,204,376,206,384,212,376,214,367,216,359,215
FEI Face Database,82-11.jpg,male,white,292,199,285,191,274,187,263,189,253,196,262,199,273,201,283,201,342,203,350,195,361,192,373,195,382,203,372,205,362,207,351,205
FEI Face Database,83-11.jpg,male,black,291,195,282,188,271,185,258,188,247,194,258,197,270,198,281,197,347,201,356,194,368,192,380,196,390,203,379,206,368,206,357,204
FEI Face Database,84-11.jpg,female,white,296,165,289,156,278,152,268,155,260,163,268,166,278,168,288,167,342,166,350,156,361,152,373,154,382,162,373,166,363,169,352,168
FEI Face Database,85-11.jpg,female,asian,304,199,296,191,285,188,274,191,265,198,274,201,285,202,295,201,356,201,364,192,375,189,385,192,394,199,386,202,375,204,365,203
FEI Face Database,86-11.jpg,female,white,298,177,292,169,282,166,272,169,264,175,272,178,281,180,290,179,345,178,351,171,360,168,369,171,375,177,369,180,360,181,352,180
FEI Face Database,87-11.jpg,female,white,318,188,311,182,302,180,293,182,285,187,293,190,302,191,310,190,362,186,369,178,378,175,388,177,396,182,389,186,380,188,371,188
FEI Face Database,88-11.jpg,male,white,303,198,293,192,282,190,270,193,260,199,270,202,282,203,293,201,351,200,359,192,370,189,382,192,391,199,382,202,371,204,360,202
FEI Face Database,89-11.jpg,male,white,296,213,289,204,278,200,267,201,257,206,266,211,276,214,287,214,344,215,352,208,363,206,374,209,384,214,374,217,364,219,353,217
FEI Face Database,9-11.jpg,male,white,298,211,289,203,277,200,265,204,255,213,265,215,277,215,288,214,354,210,363,200,375,196,387,199,398,208,388,211,376,212,365,211
FEI Face Database,90-11.jpg,male,asian,291,206,283,202,273,201,264,205,256,210,265,212,274,211,283,209,336,204,342,196,352,192,363,194,373,199,364,203,354,205,344,205
FEI Face Database,91-11.jpg,female,white,315,206,308,197,298,193,286,194,277,200,285,204,296,207,306,207,362,210,370,202,380,199,390,203,396,211,389,214,379,215,370,213
FEI Face Database,92-11.jpg,male,white,325,200,317,192,306,190,295,192,285,199,295,202,305,203,316,202,367,201,374,192,385,190,395,193,402,200,394,203,385,205,375,203
FEI Face Database,93-11.jpg,male,white,309,177,300,169,289,166,278,169,269,177,278,180,289,181,299,180,357,179,365,169,376,166,387,169,395,178,386,181,376,182,366,181
FEI Face Database,94-11.jpg,male,white,303,220,296,212,285,209,274,211,264,218,273,221,284,222,294,221,357,224,366,216,377,213,388,217,397,225,388,227,377,228,367,226
FEI Face Database,95-11.jpg,male,white,305,233,297,224,285,221,274,224,264,233,274,235,285,237,296,235,348,229,355,219,366,215,378,217,387,224,379,228,368,231,357,230
FEI Face Database,96-11.jpg,female,white,298,199,289,191,278,189,267,193,259,200,268,203,278,204,289,201,346,197,354,189,364,185,375,188,384,194,375,197,366,199,355,198
FEI Face Database,97-11.jpg,female,white,317,202,309,195,298,191,287,193,278,197,287,202,297,204,307,204,363,204,371,197,382,194,394,197,403,202,393,206,383,208,372,206
FEI Face Database,98-11.jpg,female,asian,293,190,285,183,275,181,265,184,257,190,265,193,275,194,285,193,343,188,351,180,361,177,371,179,379,185,371,188,362,190,352,190
FEI Face Database,99-11.jpg,female,white,295,197,287,187,277,184,266,187,258,195,266,198,276,199,286,198,351,194,359,184,370,180,381,183,391,190,382,194,371,196,361,195
MIT CBCL,0000_00000001.jpg,male,white,370,300,357,289,342,286,326,291,313,302,326,305,342,306,357,304,445,295,456,283,471,278,487,281,502,289,489,294,473,297,458,296
MIT CBCL,0001_00000001.jpg,male,white,320,241,308,231,294,228,279,231,265,239,278,243,293,245,307,243,391,246,404,237,420,235,435,239,448,247,435,251,419,252,405,249
MIT CBCL,0002_1.jpg,female,asian,853,658,829,635,796,626,766,631,742,645,765,659,793,667,825,664,999,669,1023,646,1055,639,1086,647,1111,666,1086,676,1056,680,1026,676
MIT CBCL,0003_00000001.jpg,male,white,331,244,318,232,300,228,282,233,267,245,282,248,300,250,316,247,412,244,426,232,444,227,463,232,480,243,464,247,445,249,428,247
MIT CBCL,0004_1.jpg,female,white,957,766,929,745,894,739,862,749,835,768,863,778,895,781,928,775,1136,765,1163,741,1196,733,1230,740,1259,759,1231,769,1198,774,1166,771
MIT CBCL,0005_16.jpg,male,white,992,666,970,646,943,640,915,646,890,664,914,671,941,674,968,670,1147,663,1165,642,1190,634,1218,640,1243,656,1220,663,1194,667,1169,666
MIT CBCL,0006_001.jpg,male,black,1032,588,1008,569,977,564,947,574,922,595,949,600,979,600,1007,595,1188,581,1208,556,1238,546,1268,555,1290,576,1267,585,1240,589,1212,586
MIT CBCL,0007_002.jpg,male,asian,906,528,882,514,852,509,821,513,794,523,821,533,850,537,879,534,1047,532,1071,518,1102,514,1133,518,1160,529,1133,538,1103,541,1074,538
MIT CBCL,0008_001.jpg,male,white,962,497,939,480,910,476,880,484,854,502,881,506,910,507,938,502,1122,506,1148,491,1178,490,1208,501,1232,519,1205,523,1175,522,1147,515
MIT CBCL,0009_002.jpg,female,white,1048,570,1024,550,994,543,964,552,940,571,965,579,994,581,1022,577,1212,565,1235,546,1264,540,1296,548,1322,567,1295,572,1265,574,1237,570
